,Неправильный вариант,Правильный вариант,simple_html,dist
0,Этапы отбора:1. Подача заявок (до 19 июня);2. Онлайн тестирование на личностные качества (до 22 июня);3. Интервью по компетенциям (до 30 июня).,"<ul>
  <li><b>Этапы отбора:</b></li>
  <li>1. Подача заявок (до 19 июня);</li>
  <li>2. Онлайн тестирование на личностные качества (до 22 июня);</li>
  <li>3. Интервью по компетенциям (до 30 июня).</li>
</ul>","<p><b>Этапы отбора:</b></p>
<ul>
  <li>1. Подача заявок (до 19 июня);</li>
  <li>2. Онлайн тестирование на личностные качества (до 22 июня);</li>
  <li>3. Интервью по компетенциям (до 30 июня).</li>
</ul>",15
1,"По всем вопросам вы можете обращаться по эл. почте mobility@avcrf.ru, в теме письма необходимо указать «Лаборатория экотроп. Байкальск»




","<p>По всем вопросам вы можете обращаться по эл. почте <b>mobility@avcrf.ru</b>, в теме письма необходимо указать <b>«Лаборатория экотроп. Байкальск»</b></p>","<p>По всем вопросам вы можете обращаться по эл. почте <b>mobility@avcrf.ru</b>, в теме письма необходимо указать «Лаборатория экотроп. Байкальск»</p>",7
2,"Некоторые из волонтерских задач:Привлечение заинтересованных лиц и организаций, а также лидеров общественного мнения к поддержке инициатив проекта. Взаимодействие с партнерами проекта, участие в партнерских мероприятиях.Сопровождение деловых, научных, культурно-массовых и просветительских мероприятий.Обеспечение информационной поддержки проекта.Популяризация инициатив проекта.","<p>Некоторые из волонтерских задач:</p>
<ol>
  <li>Привлечение заинтересованных лиц и организаций, а также лидеров общественного мнения к поддержке инициатив проекта.</li>
  <li>Взаимодействие с партнерами проекта, участие в партнерских мероприятиях.</li>
  <li>Сопровождение деловых, научных, культурно-массовых и просветительских мероприятий.</li>
  <li>Обеспечение информационной поддержки проекта.</li>
  <li>Популяризация инициатив проекта.</li>
</ol>","<p><b>Некоторые из волонтерских задач:</b></p>
<ul>
  <li>Привлечение заинтересованных лиц и организаций, а также лидеров общественного мнения к поддержке инициатив проекта.</li>
  <li>Взаимодействие с партнерами проекта, участие в партнерских мероприятиях.</li>
  <li>Сопровождение деловых, научных, культурно-массовых и просветительских мероприятий.</li>
  <li>Обеспечение информационной поддержки проекта.</li>
  <li>Популяризация инициатив проекта.</li>
</ul>",9
3,возраст кандидата не менее 18 лет (на момент подачи заявки);гражданство Российской Федерации;владение английским языком на уровне Intermediate (B1) и выше;,"<p><b>Обязательными требованиями к волонтерам являются:</b></p>
<ul>
  <li>возраст кандидата не менее 18 лет (на момент подачи заявки);</li>
  <li>гражданство Российской Федерации;</li>
  <li>владение английским языком на уровне Intermediate (B1) и выше;</li>
</ul>","<ul>
  <li>возраст кандидата не менее 18 лет (на момент подачи заявки);</li>
  <li>гражданство Российской Федерации;</li>
  <li>владение английским языком на уровне Intermediate (B1) и выше;</li>
</ul>",64
4,"Сроки привлечения волонтеров: с 29 августа по 9 сентября 2022Этапы отбора:Подача заявок (до 17 апреля);Онлайн тестирование на личностные качества и знание английского языка (до 24 апреля);Интервью по компетенциям, включающее устное собеседование на английском языке (до 22 июня);Интервью с Оргкомитетом Форума (до 31 июля).","<p><b>Сроки привлечения волонтеров:</b> с 29 августа по 9 сентября 2022</p>
<p><b>Этапы отбора:</b></p>
<ul>
  <li>Подача заявок (до 17 апреля);</li>
  <li>Онлайн тестирование на личностные качества и знание английского языка (до 24 апреля);</li>
  <li>Интервью по компетенциям, включающее устное собеседование на английском языке (до 22 июня);</li>
  <li>Интервью с Оргкомитетом Форума (до 31 июля).</li>
</ul>","<p><b>Сроки привлечения волонтеров:</b></p>
<ul>
  <li>с 29 августа по 9 сентября 2022. Этапы отбора: Подача заявок (до 17 апреля);</li>
  <li>Онлайн тестирование на личностные качества и знание английского языка (до 24 апреля);</li>
  <li>Интервью по компетенциям, включающее устное собеседование на английском языке (до 22 июня);</li>
  <li>Интервью с Оргкомитетом Форума (до 31 июля).</li>
</ul>",45
5,"По всем вопросам вы можете обращаться по эл. почте mobility@avcrf.ru, в теме письма необходимо указать «ВЭФ22».""","<ul>
  <li></li>
</ul>
<p>По всем вопросам вы можете обращаться по эл. почте <b>mobility@avcrf.ru</b>, в теме письма необходимо указать «<b>ВЭФ22</b>».</p>","<p>По всем вопросам вы можете обращаться по эл. почте <b>mobility@avcrf.ru</b>, в теме письма необходимо указать «ВЭФ 22».""</p>",32
6,"Регистрируйся на портале DOBRO.ru!
До встречи в команде!✌️












""","<p><b>Регистрируйся на портале DOBRO.ru!</b></p>
<p><b>До встречи в команде!✌️</b></p>","<ul>
  <li>Регистрируйся на портале DOBRO.ru!</li>
  <li>До встречи в команде!✌️ ""</li>
</ul>",24
7,"Климатический урок разработан в двух вариантах:
- для учащихся средних классов;
- для старшеклассников, студентов и взрослой аудитории. 
Презентацию и подстрочный текст (в двух вариантах) вы найдете в прикрепленных документах проекта 
Материалы разработаны экспертами Всероссийской общественной организации волонтеров-экологов """"Делай!"""".


""","<p>Климатический урок разработан в двух вариантах:</p>
<p>- для учащихся средних классов;</p>
<p>- для старшеклассников, студентов и взрослой аудитории.</p>
<p>Презентацию и подстрочный текст (в двух вариантах) вы найдете в прикрепленных документах проекта</p>
<p>Материалы разработаны экспертами Всероссийской общественной организации волонтеров-экологов ""Делай!"".</p>","<p><b>Климатический урок разработан в двух вариантах:</b></p>
<ul>
  <li>для учащихся средних классов;-</li>
  <li>для старшеклассников, студентов и взрослой аудитории. Презентацию и подстрочный текст (в двух вариантах) вы найдете в прикрепленных документах проекта Материалы разработаны экспертами Всероссийской общественной организации волонтеров-</li>
  <li>экологов ""Делай!"". ""</li>
</ul>",62
8,"Приглашаем волонтеров:для проведения веселых стартов (помощь со спортивным реквизитом на площадке и проведением активностей)на досуговые зоны (общение с детьми, помощь в проведении легких развивающих игр для детей)Требования к волонтерам:Возраст: 16+Умение и желание общаться с детьмиКаждому волонтеру:отличное настроениеучастие в весёлом праздникефутболка """"Лица района""""блокнотводаблагодарностьверифицированные часы на DOBRO.RU.","<p>
<br>
<b>Приглашаем волонтеров:</b>
</p>
<ul>
  <li>для проведения веселых стартов (помощь со спортивным реквизитом на площадке и проведением активностей)</li>
  <li>на досуговые зоны (общение с детьми, помощь в проведении легких развивающих игр для детей)</li>
</ul>
<p>
<b>Требования к волонтерам:</b>
</p>
<ul>
  <li>Возраст: 16+</li>
  <li>Умение и желание общаться с детьми</li>
</ul>
<p>
<b>Каждому волонтеру:</b>
</p>
<ul>
  <li>отличное настроение</li>
  <li>участие в весёлом празднике</li>
  <li>футболка ""Лица района""</li>
  <li>блокнот</li>
  <li>вода</li>
  <li>благодарность</li>
  <li>верифицированные часы на DOBRO.RU</li>
</ul>","<p><b>Приглашаем волонтеров:</b></p>
<ul>
  <li>для проведения веселых стартов (помощь со спортивным реквизитом на площадке и проведением активностей) на досуговые зоны (общение с детьми, помощь в проведении легких развивающих игр для детей) Требования к волонтерам: Возраст: 16+Умение и желание общаться с детьми.</li>
  <li>Каждому волонтеру: отличное настроение участие в весёлом празднике футболка ""Лица района""блокнот вода благодарность верифицированные часы на DOBRO.</li>
  <li>RU.</li>
</ul>",181
9,"опыт в бумажную личную книжку волонтера (ЛКВ) — будет проставлен сразу по окончании мероприятияПриоритет волонтерам, которые смогут принять участие в фестивалях в следующие даты:18 июня, 10:00-14:00&nbsp;Парк «Горка» Большой Спасоглинищевский пер., 5/4 с825 июня, 15:00-19:00 сквер Девичьего поля  
  
""","<ul>
  <li>опыт в бумажную личную книжку волонтера (ЛКВ) — будет проставлен сразу по окончании мероприятия</li>
</ul>
<p>
<b>Приоритет волонтерам, которые смогут принять участие в фестивалях в следующие даты:</b>
<br>
</p>
<ul>
  <li>18 июня, 10:00-14:00<span>&nbsp;Парк «Горка» Большой Спасоглинищевский пер., 5/4 с8</span></li>
  <li><span>25 июня, 15:00-19:00 сквер Девичьего поля</span></li>
</ul>
<p>
</p>
<p>
</p>","<p><b>опыт в бумажную личную книжку волонтера (ЛКВ) — будет проставлен сразу по окончании мероприятия. Приоритет волонтерам, которые смогут принять участие в фестивалях в следующие даты:</b></p>
<ul>
  <li>18 июня, 10:00-14:00&nbsp;
Парк «Горка» Большой Спасоглинищевский пер.</li>
  <li>, 5/4 с 825 июня, 15:00-19:00 сквер Девичьего поля ""</li>
</ul>",88
10,"Каждый волонтёр получит:Верифицированные часы на DOBRO.RUВозможность стать частью организаторов масштабного события и увидеть гонку с лучших мест!Опыт в личную книжку волонтера (ЛКВ) — будет проставлен сразу по окончании мероприятия.Приоритетный отбор на последующие гонкиВоду и перекусУникальный опыт в организации крупного спортивного мероприятияИскреннюю благодарность велогонщиков, которым вы поможете осуществить свою мечту!","<p></p>
<p><b>Каждый волонтёр получит:</b></p>
<ul>
  <li>Верифицированные часы на DOBRO.RU</li>
  <li>Возможность стать частью организаторов масштабного события и увидеть гонку с лучших мест!</li>
  <li>Опыт в личную книжку волонтера (ЛКВ) — будет проставлен сразу по окончании мероприятия.</li>
  <li>Приоритетный отбор на последующие гонки</li>
  <li>Воду и перекус</li>
  <li>Уникальный опыт в организации крупного спортивного мероприятия</li>
  <li>Искреннюю благодарность велогонщиков, которым вы поможете осуществить свою мечту!</li>
</ul>
<p>","<p><b>Каждый волонтёр получит:</b></p>
<ul>
  <li>Верифицированные часы на DOBRO.</li>
  <li>RU.</li>
  <li>Возможность стать частью организаторов масштабного события и увидеть гонку с лучших мест!
Опыт в личную книжку волонтера (ЛКВ) — будет проставлен сразу по окончании мероприятия.</li>
  <li>Приоритетный отбор на последующие гонки.</li>
  <li>Воду и перекус.</li>
  <li>Уникальный опыт в организации крупного спортивного мероприятия.</li>
  <li>Искреннюю благодарность велогонщиков, которым вы поможете осуществить свою мечту!</li>
</ul>",39
11,"Особенностями волонтерской программы в этом году являются:
Онлайн-подготовка и виртуальная прогулка по горному парку;Проживание в палаточном кемпинге по 2-3 человека;Квест по территории парка и знакомство с достопримечательностями;Два прекрасных дня на свежем воздухе в окружении комаров, приятной компании единомышленников, в уникальном месте;Походное вкусное питание;Приятные подарки от организаторов события.&nbsp;Общие требования к волонтерам:возраст от 18 и старше, на некоторые позиции допускаются добровольцы от 16 с оформлением дополнительных документов от родителей;приветствуется опыт добровольческой деятельности;мобильные и готовые к смене сценариев;хорошо поставленная речь, уверенное общение с людьми разного возраста;готовность к работе в течение 7-8 часов в дни проведения событий;быть готовым к активному участию в образовательных, информационных мероприятиях, добровольческих акциях в период подготовки к событию;желателен опыт работы в команде, коллективе, проектной деятельности;приветствуется ведение ЗОЖ, отсутствие вредных привычек.""","<p>Особенностями волонтерской программы в этом году являются:</p>
<ul>
  <li>Онлайн-подготовка и виртуальная прогулка по горному парку;</li>
  <li>Проживание в палаточном кемпинге по 2-3 человека;</li>
  <li>Квест по территории парка и знакомство с достопримечательностями;</li>
  <li>Два прекрасных дня на свежем воздухе в окружении комаров, приятной компании единомышленников, в уникальном месте;</li>
  <li>Походное вкусное питание;</li>
  <li>Приятные подарки от организаторов события.</li>
</ul>
<p><span>Общие требования к волонтерам:</span></p>
<ul>
  <li>возраст от 18 и старше, на некоторые позиции допускаются добровольцы от 16 с оформлением дополнительных документов от родителей;</li>
  <li>приветствуется опыт добровольческой деятельности;</li>
  <li>мобильные и готовые к смене сценариев;</li>
  <li>хорошо поставленная речь, уверенное общение с людьми разного возраста;</li>
  <li>готовность к работе в течение 7-8 часов в дни проведения событий;</li>
  <li>быть готовым к активному участию в образовательных, информационных мероприятиях, добровольческих акциях в период подготовки к событию;</li>
  <li>желателен опыт работы в команде, коллективе, проектной деятельности;</li>
  <li>приветствуется ведение ЗОЖ, отсутствие вредных привычек.</li>
</ul>","<p><b>Особенностями волонтерской программы в этом году являются:</b></p>
<ul>
  <li>Онлайн-подготовка и виртуальная прогулка по горному парку;</li>
  <li>Проживание в палаточном кемпинге по 2-3 человека;</li>
  <li>Квест по территории парка и знакомство с достопримечательностями;</li>
  <li>Два прекрасных дня на свежем воздухе в окружении комаров, приятной компании единомышленников, в уникальном месте;</li>
  <li>Походное вкусное питание;</li>
  <li>Приятные подарки от организаторов события.&nbsp;</li>
  <li>Общие требования к волонтерам: возраст от 18 и старше, на некоторые позиции допускаются добровольцы от 16 с оформлением дополнительных документов от родителей;</li>
  <li>приветствуется опыт добровольческой деятельности;</li>
  <li>мобильные и готовые к смене сценариев;</li>
  <li>хорошо поставленная речь, уверенное общение с людьми разного возраста;</li>
  <li>готовность к работе в течение 7-8 часов в дни проведения событий;</li>
  <li>быть готовым к активному участию в образовательных, информационных мероприятиях, добровольческих акциях в период подготовки к событию;</li>
  <li>желателен опыт работы в команде, коллективе, проектной деятельности;</li>
  <li>приветствуется ведение ЗОЖ, отсутствие вредных привычек.""</li>
</ul>",45
12,"Информация о событии:Название события: Конференция ""Инновации и технологии"";Дата проведения: 15-16 июля;Место проведения: Конгресс-центр ""Арена"".","<p><b>Информация о событии:</b></p>
<ul>
  <li>Название события: Конференция ""Инновации и технологии"";</li>
  <li>Дата проведения: 15-16 июля;</li>
  <li>Место проведения: Конгресс-центр ""Арена"".</li>
</ul>","<p><b>Информация о событии:</b></p>
<ul>
  <li>Название события: Конференция ""Инновации и технологии"";</li>
  <li>Дата проведения: 15-16 июля;</li>
  <li>Место проведения: Конгресс-центр ""Арена"".</li>
</ul>",0
13,Основные преимущества программы:Возможность обучения у опытных профессионалов;Получение сертификата по окончанию программы;Возможность общения с единомышленниками и расширение профессионального круга связей.,"<ul>
  <li><h3>Основные преимущества программы:</h3></li>
  <li>Возможность обучения у опытных профессионалов;</li>
  <li>Получение сертификата по окончанию программы;</li>
  <li>Возможность общения с единомышленниками и расширение профессионального круга связей.</li>
</ul>","<p><b>Основные преимущества программы:</b></p>
<ul>
  <li>Возможность обучения у опытных профессионалов;</li>
  <li>Получение сертификата по окончанию программы;</li>
  <li>Возможность общения с единомышленниками и расширение профессионального круга связей.</li>
</ul>",19
14,"Приглашаем волонтеров принять участие в помощи проведения фестиваля «Спасская башня»!Требования к волонтерам:возраст от 16 лет;открытость, коммуникабельность, стрессоустойчивость;прохождение обязательного обучения;прохождение рекрутинга (для некоторых функций);возможность принять участие минимум в 6-х днях фестиваля.","<p>Приглашаем волонтеров принять участие в помощи проведения фестиваля «Спасская башня»!</p>
<p><b>Требования к волонтерам:</b></p>
<ul>
  <li>возраст от 16 лет;</li>
  <li>открытость, коммуникабельность, стрессоустойчивость;</li>
  <li>прохождение обязательного обучения;</li>
  <li>прохождение рекрутинга (для некоторых функций);</li>
  <li>возможность принять участие минимум в 6-х днях фестиваля.</li>
</ul>","<p><b>Приглашаем волонтеров принять участие в помощи проведения фестиваля «Спасская башня»!
Требования к волонтерам:</b></p>
<ul>
  <li>возраст от 16 лет;</li>
  <li>открытость, коммуникабельность, стрессоустойчивость;</li>
  <li>прохождение обязательного обучения;</li>
  <li>прохождение рекрутинга (для некоторых функций);</li>
  <li>возможность принять участие минимум в 6-х днях фестиваля.</li>
</ul>",13
15,"- одиноким пенсионерам
- маломобильным гражданам
- участникам ВОВ","<ul>
  <li>одиноким пенсионерам</li>
  <li>маломобильным гражданам</li>
  <li>участникам ВОВ</li>
</ul>","<ul>
  <li>- одиноким пенсионерам</li>
  <li>- маломобильным гражданам</li>
  <li>- участникам ВОВ</li>
</ul>",6
16,Сервисы волонтеров:экипировка;питание (однократное);благодарственное письмо по итогу мероприятия.,"<p>Сервисы волонтеров:</p>
<ul>
  <li>экипировка;</li>
  <li><span>питание (однократное);</span></li>
  <li>благодарственное письмо по итогу мероприятия.</li>
</ul>","<p><b>Сервисы волонтеров:</b></p>
<ul>
  <li>экипировка;</li>
  <li>питание (однократное);</li>
  <li>благодарственное письмо по итогу мероприятия.</li>
</ul>",20
17,"Задачи волонтеров фестиваля:помощь в координации, встрече и регистрации команд - участников;помощь в координации посетителей;помощь в раздаче материалов для участников;помощь сотрудникам фестиваля во время застройки площадок фестиваля;ассистирование.","<p>Задачи волонтеров фестиваля:</p>
<ul>
  <li>помощь в координации, встрече и регистрации команд-участников;</li>
  <li>помощь в координации посетителей;</li>
  <li>помощь в раздаче материалов для участников;</li>
  <li>помощь сотрудникам фестиваля во время застройки площадок фестиваля;</li>
  <li>ассистирование.</li>
</ul>","<p><b>Задачи волонтеров фестиваля:</b></p>
<ul>
  <li>помощь в координации, встрече и регистрации команд - участников;</li>
  <li>помощь в координации посетителей;</li>
  <li>помощь в раздаче материалов для участников;</li>
  <li>помощь сотрудникам фестиваля во время застройки площадок фестиваля;</li>
  <li>ассистирование.</li>
</ul>",9
18,"Мы набираем волонтеров на самое молодежное событие этого лета!25 июня 2022 годаВозраст от 14 до 25 летТебя ждутновые друзья и положительные эмоции;опыт работы в масштабном мероприятии;по окончанию работы - поощрение;Если у тебя есть желание и ты готов быть в команде волонтеров города, беги подавать заявку. Наши двери и сердца открыты каждому желающему, мы ждем ВАС!","<p>Мы набираем волонтеров на самое молодежное событие этого лета!</p>
<ul>
  <li>25 июня 2022 года</li>
  <li>Возраст от 14 до 25 лет</li>
</ul>
<p>Тебя ждут</p>
<ul>
  <li>новые друзья и положительные эмоции;</li>
  <li>опыт работы в масштабном мероприятии;</li>
  <li>по окончанию работы - поощрение;</li>
</ul>
<p>Если у тебя есть желание и ты готов быть в команде волонтеров города, беги подавать заявку. Наши двери и сердца открыты каждому желающему, мы ждем ВАС!</p>","<ul>
  <li>Мы набираем волонтеров на самое молодежное событие этого лета!</li>
  <li>25 июня 2022 года. Возраст от 14 до 25 лет. Тебя ждут новые друзья и положительные эмоции;</li>
  <li>опыт работы в масштабном мероприятии;</li>
  <li>по окончанию работы - поощрение;</li>
  <li>Если у тебя есть желание и ты готов быть в команде волонтеров города, беги подавать заявку. Наши двери и сердца открыты каждому желающему, мы ждем ВАС!</li>
</ul>",71
19,"Кто нужен:ответственные люди, владеющие программами для монтажа видео: Adobe Premiere Pro, Adobe After Effects, Sony Vegas, DaVinci Resolve, Final Cut Pro,ОБЯЗАТЕЛЬНЫЕ, приученные доводить дело до конца,альтруисты-бессребреники.Если вы обладаете этими качествами, хотя бы частично, то давайте знакомиться. Откликайтесь и заполняйте форму анкеты как можно подробнее. Если ваш опыт подходит для решения задачи, мы свяжемся с вами и расскажем о дальнейшей работе.
""","<p>Кто нужен:</p>
<ul>
  <li>ответственные люди, владеющие программами для монтажа видео: Adobe Premiere Pro, Adobe After Effects, Sony Vegas, DaVinci Resolve, Final Cut Pro,</li>
  <li>ОБЯЗАТЕЛЬНЫЕ, приученные доводить дело до конца,</li>
  <li>альтруисты-бессребреники.</li>
</ul>
<p>Если вы обладаете этими качествами, хотя бы частично, то давайте знакомиться. Откликайтесь и заполняйте форму анкеты как можно подробнее. </p>
<p>Если ваш опыт подходит для решения задачи, мы свяжемся с вами и расскажем о дальнейшей работе.</p>","<p><b>Кто нужен:</b></p>
<ul>
  <li>ответственные люди, владеющие программами для монтажа видео: Adobe Premiere Pro, Adobe After Effects, Sony Vegas, DaVinci Resolve, Final Cut Pro,ОБЯЗАТЕЛЬНЫЕ, приученные доводить дело до конца,альтруисты-бессребреники.</li>
  <li>Если вы обладаете этими качествами, хотя бы частично, то давайте знакомиться.</li>
  <li>Откликайтесь и заполняйте форму анкеты как можно подробнее.</li>
  <li>Если ваш опыт подходит для решения задачи, мы свяжемся с вами и расскажем о дальнейшей работе.</li>
  <li>""</li>
</ul>",77
20,Присоединяйся к команде волонтёров оркестров в парках!Функции волонтёров:информирование посетителей об акции.,"<p>Присоединяйся к команде волонтёров оркестров в парках!</p>
<p><b>Функции волонтёров:</b></p>
<ul>
  <li>информирование посетителей об акции.</li>
</ul>","<p><b>Присоединяйся к команде волонтёров оркестров в парках!
Функции волонтёров:</b></p>
<ul>
  <li>информирование посетителей об акции.</li>
</ul>",13
21,"Требования к волонтёрам:
возраст от 16 лет;
коммуникабельность, открытость;
отсутствие симптомов ОРВИ/ОРЗ/Covid-19 в день мероприятия и за 14 дней до начала;
возможность принять участие минимум в 3 концертах;
готовность использовать мобильный интернет (общение через WhatsApp);
участие в продолжении программы «Военные оркестры в парках города» - Международном военно-музыкальном фестивале «Спасская башня».Сервисы для волонтёров:
экипировка;
трансфер до парка «Патриот» и обратно;верифицированные часы.","<ul>
  <li>Требования к волонтёрам:</li>
  <ul>
    <li>возраст от 16 лет;</li>
    <li>коммуникабельность, открытость;</li>
    <li>отсутствие симптомов ОРВИ/ОРЗ/Covid-19 в день мероприятия и за 14 дней до начала;</li>
    <li><b>возможность принять участие минимум в 3 концертах;</b></li>
    <li>готовность использовать мобильный интернет (общение через WhatsApp);</li>
    <li>участие в продолжении программы «Военные оркестры в парках города» - Международном военно-музыкальном фестивале «Спасская башня».</li>
  </ul>
  <li>Сервисы для волонтёров:</li>
  <ul>
    <li>экипировка;</li>
    <li>трансфер до парка «Патриот» и обратно;</li>
    <li>верифицированные часы.</li>
  </ul>
</ul>","<p><b>Требования к волонтёрам:</b></p>
<ul>
  <li>возраст от 16 лет;</li>
  <li>коммуникабельность, открытость;</li>
  <li>отсутствие симптомов ОРВИ/ОРЗ/Covid-19 в день мероприятия и за 14 дней до начала;</li>
  <li>возможность принять участие минимум в 3 концертах;</li>
  <li>готовность использовать мобильный интернет (общение через WhatsApp);</li>
  <li>участие в продолжении программы «Военные оркестры в парках города» - Международном военно-музыкальном фестивале «Спасская башня».</li>
  <li>Сервисы для волонтёров: экипировка;</li>
  <li>трансфер до парка «Патриот» и обратно;</li>
  <li>верифицированные часы.</li>
</ul>",73
22,"Даты проведения мероприятия:21 мая - Главный храм вооруженных сил - трансфер от м. Парк Победы и обратно28 мая - ВДНХ1 июня - Комсомольская площадь4 июня - Главный храм вооруженных сил - трансфер от м. Парк Победы и обратно30 июля - Главный храм вооруженных сил - трансфер от м. Парк Победы и обратно20 августа - Главный храм вооруженных сил - трансфер от м. Парк Победы и обратно





""","<p><b>Даты проведения мероприятия:</b></p>
<ul>
  <li>21 мая - Главный храм вооруженных сил - трансфер от м. Парк Победы и обратно</li>
  <li>28 мая - ВДНХ</li>
  <li>1 июня - Комсомольская площадь</li>
  <li>4 июня - Главный храм вооруженных сил - трансфер от м. Парк Победы и обратно</li>
  <li>30 июля - Главный храм вооруженных сил - трансфер от м. Парк Победы и обратно</li>
  <li>20 августа - Главный храм вооруженных сил - трансфер от м. Парк Победы и обратно</li>
</ul>","<p><b>Даты проведения мероприятия:</b></p>
<ul>
  <li>21 мая-</li>
  <li>Главный храм вооруженных сил-</li>
  <li>трансфер от м. Парк Победы и обратно 28 мая-</li>
  <li>ВДНХ 1 июня-</li>
  <li>Комсомольская площадь 4 июня-</li>
  <li>Главный храм вооруженных сил-</li>
  <li>трансфер от м. Парк Победы и обратно 30 июля-</li>
  <li>Главный храм вооруженных сил-</li>
  <li>трансфер от м. Парк Победы и обратно 20 августа-</li>
  <li>Главный храм вооруженных сил-</li>
  <li>трансфер от м. Парк Победы и обратно ""</li>
</ul>",150
23,"Задачи :сформировать потребность в совершении добрых поступков, в сострадании и отзывчивости, добром отношении друг к другу, действовать бескорыстно, по велению души и сердца.повышение социальной активности молодёжи в добровольческой деятельности.организация и поддержка добровольческих акций, мероприятий, в том числе и по пропаганде здорового образа жизни, социально-ответственному поведению в молодежной среде, благоустройству и по оказанию помощи лицам пожилого возраста и т.д.обучение молодежи добровольческой деятельности.пропаганда добровольческого движения""","<p>
  <span>Задачи :</span>
</p>
<ul>
  <li>сформировать потребность в совершении добрых поступков, в сострадании и отзывчивости, добром отношении друг к другу, действовать бескорыстно, по велению души и сердца.</li>
  <li>повышение социальной активности молодёжи в добровольческой деятельности.</li>
  <li>организация и поддержка добровольческих акций, мероприятий, в том числе и по пропаганде здорового образа жизни, социально-ответственному поведению в молодежной среде, благоустройству и по оказанию помощи лицам пожилого возраста и т.д.</li>
  <li>обучение молодежи добровольческой деятельности.</li>
  <li>пропаганда добровольческого движения</li>
</ul>","<p><b>Задачи:</b></p>
<ul>
  <li>сформировать потребность в совершении добрых поступков, в сострадании и отзывчивости, добром отношении друг к другу, действовать бескорыстно, по велению души и сердца.</li>
  <li>повышение социальной активности молодёжи в добровольческой деятельности.</li>
  <li>организация и поддержка добровольческих акций, мероприятий, в том числе и по пропаганде здорового образа жизни, социально-ответственному поведению в молодежной среде, благоустройству и по оказанию помощи лицам пожилого возраста и т.</li>
  <li>д.</li>
  <li>обучение молодежи добровольческой деятельности.</li>
  <li>пропаганда добровольческого движения""</li>
</ul>",26
24,"""Помощь в проведении Масштабного бегового события - """"ПЕРМСКИЙ МАРАФОН 2022"""""",,""
Тысячи людей пробегут по центральным улицам Перми, чтобы понять, что они сильнее, чем думали, могут больше, чем предполагали, и способны на большее.Масштабное беговое событие - ПЕРМСКИЙ МАРАФОН 2022 состоится 3 - 4 сентября.&nbsp;⠀
Волонтёры будут помогать в организации масштабного городского спортивного события: встречать гостей и участников мероприятия организовывать спортсменов на старте награждать участников на финише выполнять другие организационные задачи&nbsp;""","<p>Помощь в проведении Масштабного бегового события - ""ПЕРМСКИЙ МАРАФОН 2022"":</p>
<ul>
<li>Тысячи людей пробегут по центральным улицам Перми, чтобы понять, что они сильнее, чем думали, могут больше, чем предполагали, и способны на большее. Масштабное беговое событие - ПЕРМСКИЙ МАРАФОН 2022 состоится 3 - 4 сентября.⠀</li>
<li>Волонтёры будут помогать в организации масштабного городского спортивного события:</li>
<li>встречать гостей и участников мероприятия</li>
<li>организовывать спортсменов на старте</li>
<li>награждать участников на финише</li>
<li>выполнять другие организационные задачи&nbsp;</li>
</ul>","<p><b>""Помощь в проведении Масштабного бегового события - ""ПЕРМСКИЙ МАРАФОН 2022"",,""
Тысячи людей пробегут по центральным улицам Перми, чтобы понять, что они сильнее, чем думали, могут больше, чем предполагали, и способны на большее.
Масштабное беговое событие - ПЕРМСКИЙ МАРАФОН 2022 состоится 3 - 4 сентября.&nbsp;⠀
Волонтёры будут помогать в организации масштабного городского спортивного события:</b></p>
<ul>
  <li>встречать гостей и участников мероприятия организовывать спортсменов на старте награждать участников на финише выполнять другие организационные задачи&nbsp;""</li>
</ul>",73
25,"Если ты внимательный и умеешь работать в MS Office, тогда смело выбирай любой удобный день для работы С 14 июня
с 11:00- 13:00
с 14:00-16:00""","<p>Если ты внимательный и умеешь работать в MS Office, тогда смело выбирай любой удобный день для работы.</p>
<p>С 14 июня</p>
<ul>
  <li>с 11:00-13:00</li>
  <li>с 14:00-16:00</li>
</ul>","<ul>
  <li>Если ты внимательный и умеешь работать в MS Office, тогда смело выбирай любой удобный день для работы С 14 июня</li>
  <li>с 11:00- 13:00</li>
  <li>с 14:00-16:00""</li>
</ul>",26
26,"Чтобы стать волонтером Волонтерского центра РГМ и принять участие в волонтерской деятельности в больнице достаточно двух шагов: 
Подать заявку на участие в волонтерской деятельности
Пройти собеседование, которое проводится 1-2 раза в месяц (сейчас в дистанционном режиме). Координатор Волонтерского центра свяжется с каждым заявителем чтобы объяснить, что необходимо сделать для прохождения&nbsp; собеседования.
""","<p>Чтобы стать волонтером Волонтерского центра РГМ и принять участие в волонтерской деятельности в больнице достаточно двух шагов:</p>
<ul>
  <li>Подать заявку на участие в волонтерской деятельности</li>
  <li>Пройти собеседование, которое проводится 1-2 раза в месяц (сейчас в дистанционном режиме). Координатор Волонтерского центра свяжется с каждым заявителем чтобы объяснить, что необходимо сделать для прохождения собеседования.</li>
</ul>","<p><b>Чтобы стать волонтером Волонтерского центра РГМ и принять участие в волонтерской деятельности в больнице достаточно двух шагов:</b></p>
<ul>
  <li>Подать заявку на участие в волонтерской деятельности</li>
  <li>Пройти собеседование, которое проводится 1-2 раза в месяц (сейчас в дистанционном режиме). Координатор Волонтерского центра свяжется с каждым заявителем чтобы объяснить, что необходимо сделать для прохождения&nbsp; собеседования.</li>
  <li>""</li>
</ul>",26
27,Основные темы программы:&nbsp;прикладная экология / осознанное потребление&nbsp;развитие личной ресурсностизнания об Экосистеме Арктикикорпоративная экокультурадобровольчество / задания и кейсы от Волонтеров Арктикисоучастное проектирование и урбанистика,"<p>Основные темы программы:</p>
<ul>
  <li>прикладная экология / осознанное потребление</li>
  <li>развитие личной ресурсности</li>
  <li>знания об Экосистеме Арктики</li>
  <li>корпоративная экокультура</li>
  <li>добровольчество / задания и кейсы от Волонтеров Арктики</li>
  <li>соучастное проектирование и урбанистика</li>
</ul>","<ul>
  <li>Основные темы программы:&nbsp;</li>
  <li>прикладная экология / осознанное потребление&nbsp;</li>
  <li>развитие личной ресурсности знания об Экосистеме Арктики корпоративная экокультура добровольчество / задания и кейсы от Волонтеров Арктики соучастное проектирование и урбанистика</li>
</ul>",67
28,"""ММП """"КАЛЯЗИН. КУЛЬТУРА"""""",,""Муниципальный молодежныйдобровольческий проект """"КАЛЯЗИН. КУЛЬТУРА"""" реализуется совместно с Советом молодёжи при Главе Калязинского района по оказанию помощи добровольцами в проведение культурно- массовых мероприятий:Патриотической направленности ( митингов, шествие приуроченных к памятным датам Великой Отечественной войны)Культурно-духовного направления ( сопровождение мероприятий сферы культуры, искусства)""","<p>ММП ""КАЛЯЗИН. КУЛЬТУРА""</p>
<p>Муниципальный молодежный добровольческий проект ""КАЛЯЗИН. КУЛЬТУРА"" реализуется совместно с Советом молодёжи при Главе Калязинского района по оказанию помощи добровольцами в проведение культурно-массовых мероприятий:</p>
<ul>
  <li>Патриотической направленности (митингов, шествие приуроченных к памятным датам Великой Отечественной войны)</li>
  <li>Культурно-духовного направления (сопровождение мероприятий сферы культуры, искусства)</li>
</ul>","<p><b>""ММП ""КАЛЯЗИН. КУЛЬТУРА"",,""Муниципальный молодежный добровольческий проект ""КАЛЯЗИН. КУЛЬТУРА"" реализуется совместно с Советом молодёжи при Главе Калязинского района по оказанию помощи добровольцами в проведение культурно- массовых мероприятий:</b></p>
<ul>
  <li>Патриотической направленности ( митингов, шествие приуроченных к памятным датам Великой Отечественной войны) Культурно-духовного направления ( сопровождение мероприятий сферы культуры, искусства)""</li>
</ul>",31
29,"Что нужно будет делать: 
присматривать за детьми; поиграть с детьми, в вашем распоряжении: игровой центр, батуты; настольные игры; инструменты для рисования, лепки; книги и много другое! предоставить возможность родителям посетить сессию киноклуба, не переживая за своего ребенка.","<p><b>Что нужно будет делать:</b></p>
<ul>
  <li>присматривать за детьми;</li>
  <li>поиграть с детьми, в вашем распоряжении: игровой центр, батуты, настольные игры, инструменты для рисования, лепки, книги и многое другое;</li>
  <li>предоставить возможность родителям посетить сессию киноклуба, не переживая за своего ребенка.</li>
</ul>","<p><b>Что нужно будет делать:</b></p>
<ul>
  <li>присматривать за детьми;</li>
  <li>поиграть с детьми, в вашем распоряжении: игровой центр, батуты;</li>
  <li>настольные игры;</li>
  <li>инструменты для рисования, лепки;</li>
  <li>книги и много другое! предоставить возможность родителям посетить сессию киноклуба, не переживая за своего ребенка.</li>
</ul>",49
30,"Дети:
разного возраста (от 3 до 16 лет);с разными ограничениями по здоровью (РАС, синдром Дауна, СДВГ, с нарушениями интеллекта);все ребята - уникальные!","<p>Дети:</p>
<ul>
  <li>разного возраста (от 3 до 16 лет);</li>
  <li>с разными ограничениями по здоровью (РАС, синдром Дауна, СДВГ, с нарушениями интеллекта);</li>
  <li>все ребята - уникальные!</li>
</ul>","<p><b>Дети:</b></p>
<ul>
  <li>разного возраста (от 3 до 16 лет);</li>
  <li>с разными ограничениями по здоровью (РАС, синдром Дауна, СДВГ, с нарушениями интеллекта);</li>
  <li>все ребята - уникальные!</li>
</ul>",7
31,"Формат акции рассчитан на две возрастные категории:
5-7 лет
8-12 лет и старше","<p>Формат акции рассчитан на две возрастные категории:</p>
<ul>
  <li>5-7 лет</li>
  <li>8-12 лет и старше</li>
</ul>","<p><b>Формат акции рассчитан на две возрастные категории:</b></p>
<ul>
  <li>5-</li>
  <li>7 лет
8-</li>
  <li>12 лет и старше</li>
</ul>",24
32,"В ходе лекций будет обсуждено множество тем:
Экологические вызовы современного мира
Влияние человечества на глобальные проблемы
Популяризация раздельного сбора отходов и утилизация ТКО
Ответственное потреблении и устойчивое развитие.
","<p><b>В ходе лекций будет обсуждено множество тем:</b></p>
<ul>
  <li>Экологические вызовы современного мира</li>
  <li>Влияние человечества на глобальные проблемы</li>
  <li>Популяризация раздельного сбора отходов и утилизация ТКО</li>
  <li>Ответственное потребление и устойчивое развитие.</li>
</ul>","<p><b>В ходе лекций будет обсуждено множество тем:</b></p>
<ul>
  <li>Экологические вызовы современного мира</li>
  <li>Влияние человечества на глобальные проблемы</li>
  <li>Популяризация раздельного сбора отходов и утилизация ТКО</li>
  <li>Ответственное потреблении и устойчивое развитие.</li>
</ul>",1
33,"Условия для волонтеров:

обеспечивается питание и проживание в уютных деревянных коттеджах на территории нашего центра;организуется трансфер из Москвы и Владимира;проводится обучающий тренинг;предоставляется сертификат о прохождении 
подготовки по методике терапевтического отдыха для детей, которые перенесли тяжелые заболевания;делается запись в волонтерскую книжку;готовятся благодарности за участие в программе.","<p><strong>Условия для волонтеров:</strong></p>
<ul>
    <li>обеспечивается питание и проживание в уютных деревянных коттеджах на территории нашего центра;</li>
    <li>организуется трансфер из Москвы и Владимира;</li>
    <li>проводится обучающий тренинг;</li>
    <li>предоставляется сертификат о прохождении подготовки по методике терапевтического отдыха для детей, которые перенесли тяжелые заболевания;</li>
    <li>делается запись в волонтерскую книжку;</li>
    <li>готовятся благодарности за участие в программе.</li>
</ul>","<p><b>Условия для волонтеров:</b></p>
<ul>
  <li>обеспечивается питание и проживание в уютных деревянных коттеджах на территории нашего центра;</li>
  <li>организуется трансфер из Москвы и Владимира;</li>
  <li>проводится обучающий тренинг;</li>
  <li>предоставляется сертификат о прохождении подготовки по методике терапевтического отдыха для детей, которые перенесли тяжелые заболевания;</li>
  <li>делается запись в волонтерскую книжку;</li>
  <li>готовятся благодарности за участие в программе.</li>
</ul>",24
34,"Задачи: воспитание уважения и почтительного отношения к государственным символам Российской Федерации;пробуждения у детей интереса к истории своей страны;углубление знаний о культуре России;стимулирование интереса дошкольников к государственному устройству России.""","<p>Задачи:</p>
<ul>
    <li>воспитание уважения и почтительного отношения к государственным символам Российской Федерации;</li>
    <li>пробуждения у детей интереса к истории своей страны;</li>
    <li>углубление знаний о культуре России;</li>
    <li>стимулирование интереса дошкольников к государственному устройству России.</li>
</ul>","<p><b>Задачи:</b></p>
<ul>
  <li>воспитание уважения и почтительного отношения к государственным символам Российской Федерации;</li>
  <li>пробуждения у детей интереса к истории своей страны;</li>
  <li>углубление знаний о культуре России;</li>
  <li>стимулирование интереса дошкольников к государственному устройству России.""</li>
</ul>",16
35,"📍 Основные функции волонтеров:
1.Участие в масштабной акции СВЕЧА ПАМЯТИ.
2. Помощь организаторам фестиваля.
3.Встреча почетных гостей.
4. Выстроиться в линейку со свечами.
5. Раздача свечей.





""","<p>📍 Основные функции волонтеров:</p>
<p>1.Участие в масштабной акции СВЕЧА ПАМЯТИ.</p>
<p>2. Помощь организаторам фестиваля.</p>
<p>3.Встреча почетных гостей.</p>
<p>4. Выстроиться в линейку со свечами.</p>
<p>5. Раздача свечей.</p>","<p><b>📍 Основные функции волонтеров:</b></p>
<ul>
  <li>1.</li>
  <li>Участие в масштабной акции СВЕЧА ПАМЯТИ.</li>
  <li>2. Помощь организаторам фестиваля.</li>
  <li>3.</li>
  <li>Встреча почетных гостей.</li>
  <li>4. Выстроиться в линейку со свечами.</li>
  <li>5. Раздача свечей. ""</li>
</ul>",74
36,"Благодаря этому:ежегодно предотвращается до 450 000 пожаров,
сохраняется материальных ценностей на сумму 35-45 миллиардов рублей.""","<p>Благодаря этому:</p>
<ul>
    <li>ежегодно предотвращается до 450 000 пожаров,</li>
    <li>сохраняется материальных ценностей на сумму 35-45 миллиардов рублей.</li>
</ul>","<p><b>Благодаря этому:</b></p>
<ul>
  <li>ежегодно предотвращается до 450 000 пожаров,</li>
  <li>сохраняется материальных ценностей на сумму 35-45 миллиардов рублей.""</li>
</ul>",12
37,"Каждый день с 16 до 19:30 необходима помощь волонтеров:встречающие/провожающие, они же – дежурные в аудиториифотографоформитель аудитории&nbsp;Место проведения - РГУ им. А.Н. Косыгина (м. Шаболовская)""","<p><b>Каждый день с 16 до 19:30 необходима помощь волонтеров:</b></p>
<ul>
    <li>встречающие/провожающие, они же – дежурные в аудитории</li>
    <li>фотограф</li>
    <li>оформитель аудитории<br/>Место проведения - РГУ им. А.Н. Косыгина (м. Шаболовская)</li>
</ul>","<p><b>Каждый день с 16 до 19:30 необходима помощь волонтеров:</b></p>
<ul>
  <li>встречающие/провожающие, они же – дежурные в аудитории фотограф оформитель аудитории&nbsp;
Место проведения - РГУ им.</li>
  <li>А.</li>
  <li>Н.</li>
  <li>Косыгина (м.</li>
  <li>Шаболовская)""</li>
</ul>",80
38,"2 июля 2022 года в Железногорске Красноярского края пройдёт необычный забег - под названием """"Сумеречные огни"""", по мотивам древнеславянской мифологии.","<ul>
    <li>2 июля 2022 года в Железногорске Красноярского края пройдёт необычный забег - под названием """"Сумеречные огни"""", по мотивам древнеславянской мифологии.</li>
</ul>","<p>2 июля 2022 года в Железногорске Красноярского края пройдёт необычный забег - под названием ""Сумеречные огни"", по мотивам древнеславянской мифологии.</p>",21
39,"Цели данного профилактического мероприятия:&nbsp;сформировать представление о здоровье как одной из главных ценностей человеческой жизни;
выделить компоненты здорового состояния человека;
""","<p>Цели данного профилактического мероприятия:</p>
<ul>
  <li>сформировать представление о здоровье как одной из главных ценностей человеческой жизни;</li>
  <li>выделить компоненты здорового состояния человека;</li>
</ul>","<ul>
  <li>Цели данного профилактического мероприятия:&nbsp;</li>
  <li>сформировать представление о здоровье как одной из главных ценностей человеческой жизни;</li>
  <li>выделить компоненты здорового состояния человека;</li>
  <li>""</li>
</ul>",30
40,"Финансовые и технические условия участия:
проезд из региона проживания, проживание покрываются в рамках Программы мобильности волонтеров;питание на волонтерских сменах, униформа, а также проезд в г. Доха предоставляются организаторами события;питание вне волонтерских смен оплачиваются самостоятельно.","<p><b>Финансовые и технические условия участия:</b></p>
<ul>
  <li>проезд из региона проживания, проживание покрываются в рамках Программы мобильности волонтеров;</li>
  <li>питание на волонтерских сменах, униформа, а также проезд в г. Доха предоставляются организаторами события;</li>
  <li>питание вне волонтерских смен оплачиваются самостоятельно.</li>
</ul>","<p><b>Финансовые и технические условия участия:</b></p>
<ul>
  <li>проезд из региона проживания, проживание покрываются в рамках Программы мобильности волонтеров;</li>
  <li>питание на волонтерских сменах, униформа, а также проезд в г. Доха предоставляются организаторами события;</li>
  <li>питание вне волонтерских смен оплачиваются самостоятельно.</li>
</ul>",0
41,Это будет 2 дня:&nbsp; Доступного и понятного контента по бизнесу&nbsp;Невероятных эмоций и мотивации&nbsp;Атмосфера роста и развития&nbsp; Конкретных инструкций по увеличению прибыли в разных нишах&nbsp; 100+ Мощных инсайтов&nbsp; 52 Инструмента для старта бизнеса&nbsp;Живые спикеры нашего города и механики о которых не знает Москва,"<p>Это будет 2 дня:</p>
<ul>
  <li>Доступного и понятного контента по бизнесу</li>
  <li>Невероятных эмоций и мотивации</li>
  <li>Атмосфера роста и развития</li>
  <li>Конкретных инструкций по увеличению прибыли в разных нишах</li>
  <li>100+ Мощных инсайтов</li>
  <li>52 Инструмента для старта бизнеса</li>
  <li>Живые спикеры нашего города и механики о которых не знает Москва</li>
</ul>","<ul>
  <li>Это будет 2 дня:&nbsp; Доступного и понятного контента по бизнесу&nbsp;</li>
  <li>Невероятных эмоций и мотивации&nbsp;</li>
  <li>Атмосфера роста и развития&nbsp; Конкретных инструкций по увеличению прибыли в разных нишах&nbsp; 100+ Мощных инсайтов&nbsp; 52 Инструмента для старта бизнеса&nbsp;</li>
  <li>Живые спикеры нашего города и механики о которых не знает Москва</li>
</ul>",75
42,Волонтеры будут задействованы в работе с подростками с ОВЗ:присмотр;участие в мастер-классах; помощь организаторам мероприятий;фото- и видеосъемка./,"<p><br><b>Волонтеры</b> будут задействованы в работе с подростками с ОВЗ:</p>
<ul>
  <li>присмотр;</li>
  <li>участие в мастер-классах;</li>
  <li>помощь организаторам мероприятий;</li>
  <li>фото- и видеосъемка.</li>
</ul>
<p><br></p>","<p><b>Волонтеры будут задействованы в работе с подростками с ОВЗ:</b></p>
<ul>
  <li>присмотр;</li>
  <li>участие в мастер-классах;</li>
  <li>помощь организаторам мероприятий;</li>
  <li>фото- и видеосъемка./</li>
</ul>",25
43,возраст кандидата не менее 18 лет (на момент подачи заявки);гражданство Российской Федерации;владение английским языком на уровне Intermediate (B1) и выше;,"<p><b>Обязательными требованиями к волонтерам являются:</b></p>
<ul>
  <li>возраст кандидата не менее 18 лет (на момент подачи заявки);</li>
  <li>гражданство Российской Федерации;</li>
  <li>владение английским языком на уровне Intermediate (B1) и выше;</li>
</ul>","<ul>
  <li>возраст кандидата не менее 18 лет (на момент подачи заявки);</li>
  <li>гражданство Российской Федерации;</li>
  <li>владение английским языком на уровне Intermediate (B1) и выше;</li>
</ul>",64
44,"Задачи волонтеров фестиваля:помощь в координации, встрече и регистрации команд - участников;помощь в координации посетителей;помощь в раздаче материалов для участников;помощь сотрудникам фестиваля во время застройки площадок фестиваля;ассистирование.","<p>Задачи волонтеров фестиваля:</p>
<ul>
  <li>помощь в координации, встрече и регистрации команд-участников;</li>
  <li>помощь в координации посетителей;</li>
  <li>помощь в раздаче материалов для участников;</li>
  <li>помощь сотрудникам фестиваля во время застройки площадок фестиваля;</li>
  <li>ассистирование.</li>
</ul>","<p><b>Задачи волонтеров фестиваля:</b></p>
<ul>
  <li>помощь в координации, встрече и регистрации команд - участников;</li>
  <li>помощь в координации посетителей;</li>
  <li>помощь в раздаче материалов для участников;</li>
  <li>помощь сотрудникам фестиваля во время застройки площадок фестиваля;</li>
  <li>ассистирование.</li>
</ul>",9
45,"Цели:Расчистить территорию загородного отделения от травы, шишек, ветокУборка в гостевых домахПомощь в уборке берега озера","<p>Цели:</p>
<ul>
  <li>Расчистить территорию загородного отделения от травы, шишек, веток</li>
  <li>Уборка в гостевых домах</li>
  <li>Помощь в уборке берега озера</li>
</ul>","<p><b>Цели:</b></p>
<ul>
  <li>Расчистить территорию загородного отделения от травы, шишек, веток.</li>
  <li>Уборка в гостевых домах.</li>
  <li>Помощь в уборке берега озера</li>
</ul>",9
46,"При себе иметь:ПерчаткиГоловные уборыУдобная закрытая одеждаВода, перекус","<p>При себе иметь:</p>
<ul>
  <li>Перчатки</li>
  <li>Головные уборы</li>
  <li>Удобная закрытая одежда</li>
  <li>Вода, перекус</li>
</ul>","<p><b>При себе иметь:</b></p>
<ul>
  <li>Перчатки.</li>
  <li>Головные уборы.</li>
  <li>Удобная закрытая одежда.</li>
  <li>Вода, перекус</li>
</ul>",10
47,"В рамках вебинара:лектор расскажет о том, как успешно презентовать свой проект раскроет секреты грамотного выступления (отсутствие """"воды"""", сухого текста на презентации, борьба с волнением и др. )ответит на вопросы зрителей","<p><b>В рамках вебинара:</b></p>
<ul>
  <li>лектор расскажет о том, как успешно презентовать свой проект</li>
  <li>раскроет секреты грамотного выступления (отсутствие ""воды"", сухого текста на презентации, борьба с волнением и др.)</li>
  <li>ответит на вопросы зрителей</li>
</ul>","<p><b>В рамках вебинара:</b></p>
<ul>
  <li>лектор расскажет о том, как успешно презентовать свой проект раскроет секреты грамотного выступления (отсутствие ""воды"", сухого текста на презентации, борьба с волнением и др.</li>
  <li>) ответит на вопросы зрителей</li>
</ul>",14
48,"Каждый волонтёр получит:Верифицированные часы на DOBRO.RU
Возможность стать частью организаторов масштабного события и увидеть гонку с лучших мест!
Опыт в личную книжку волонтера (ЛКВ) — будет проставлен сразу по окончании мероприятия.
Компенсация питания и проезда до места сбора ранним утром (м. Китай-город): 2 000 руб.
Приоритетный отбор на последующие гонкиВоду и перекусУникальный опыт в организации крупного спортивного мероприятияИскреннюю благодарность велогонщиков, которым вы поможете осуществить свою мечту!
","<p><b>Каждый волонтёр получит:</b></p>
<ul>
  <li>Верифицированные часы на DOBRO.RU</li>
  <li>Возможность стать частью организаторов масштабного события и увидеть гонку с лучших мест!</li>
  <li>Опыт в личную книжку волонтера (ЛКВ) — будет проставлен сразу по окончании мероприятия.</li>
  <li>Компенсация питания и проезда до места сбора ранним утром (м. Китай-город): <b>2 000 руб.</b></li>
  <li>Приоритетный отбор на последующие гонки</li>
  <li>Воду и перекус</li>
  <li>Уникальный опыт в организации крупного спортивного мероприятия</li>
  <li>Искреннюю благодарность велогонщиков, которым вы поможете осуществить свою мечту!</li>
</ul>
<p></p>","<p><b>Каждый волонтёр получит:</b></p>
<ul>
  <li>Верифицированные часы на DOBRO.</li>
  <li>RU
Возможность стать частью организаторов масштабного события и увидеть гонку с лучших мест!
Опыт в личную книжку волонтера (ЛКВ) — будет проставлен сразу по окончании мероприятия.</li>
  <li>Компенсация питания и проезда до места сбора ранним утром (м.</li>
  <li>Китай-город): 2 000 руб.</li>
  <li>Приоритетный отбор на последующие гонки.</li>
  <li>Воду и перекус.</li>
  <li>Уникальный опыт в организации крупного спортивного мероприятия.</li>
  <li>Искреннюю благодарность велогонщиков, которым вы поможете осуществить свою мечту!</li>
</ul>",45
49,"""21 июня 2022г. с 16:00-17:00 на Братской могиле советских воинов, погибших в январе 1945 г., в п. Ельники пройдет Трудовой десант на Братской могиле советских воинов, погибших в ВОВ.22 июня 2022г. с 09:00 - 9:30&nbsp;на Братской могиле советских воинов, погибших в январе 1945 г., в п. Ельники пройдет Акция «Свеча памяти».&nbsp;Возложение цветов на братской могиле советских воинов, погибших в ВОВ.","<ul>
  <li><b>21 июня 2022г. с 16:00-17:00</b> на Братской могиле советских воинов, погибших в январе 1945 г., в п. Ельники пройдет <b>Трудовой десант на Братской могиле советских воинов, погибших в ВОВ.</b></li>
  <li><b>22 июня 2022г. с 09:00 - 9:30</b> <span>на Братской могиле советских воинов, погибших в январе 1945 г., в п. Ельники пройдет </span><b>Акция «Свеча памяти».&nbsp;</b>Возложение цветов на братской могиле советских воинов, погибших в ВОВ.</li>
</ul>","<ul>
  <li>""21 июня 2022 г. с 16:00-17:00 на Братской могиле советских воинов, погибших в январе 1945 г., в п. Ельники пройдет Трудовой десант на Братской могиле советских воинов, погибших в ВОВ.22 июня 2022 г. с 09:00 - 9:30&nbsp;</li>
  <li>на Братской могиле советских воинов, погибших в январе 1945 г., в п. Ельники пройдет Акция «Свеча памяти».&nbsp;</li>
  <li>Возложение цветов на братской могиле советских воинов, погибших в ВОВ.</li>
</ul>",64
