,Неправильный вариант,model_res
0,"Цели проекта:
Создание событийно-массового мероприятия для жителей и гостей г. Торжка.Объединение на одной площадке различных социальных групп.Возможность повышения толерантности по отношению к людям с инвалидностью.
","<p><b>Цели проекта:</b></p>
<ul>
  <li>Создание событийно-массового мероприятия для жителей и гостей г.</li>
  <li>Торжка.</li>
  <li>Объединение на одной площадке различных социальных групп.</li>
  <li>Возможность повышения толерантности по отношению к людям с инвалидностью.</li>
</ul>"
1,"Задачи проекта:Формирование культуры инклюзии - налаживание коммуникации и избавление от ярлыков и стереотипов посредством вовлеченности в общение.
Обмен опытом между людьми всех категорий и возможностей здоровья посредством создания интерактивных площадок, которые доступны всем гостям, независимо от состояния здоровья.
Приглашение профессиональных мастеров с ограничениями по здоровью для проведения мастер-классов.
Привлечение внимания общественности к проведению деловых встреч, посвящённых перспективам развития доступного туризма в Торжке.","<p><b>Задачи проекта:</b></p>
<ul>
  <li>Формирование культуры инклюзии - налаживание коммуникации и избавление от ярлыков и стереотипов посредством вовлеченности в общение.</li>
  <li>Обмен опытом между людьми всех категорий и возможностей здоровья посредством создания интерактивных площадок, которые доступны всем гостям, независимо от состояния здоровья.</li>
  <li>Приглашение профессиональных мастеров с ограничениями по здоровью для проведения мастер-классов.</li>
  <li>Привлечение внимания общественности к проведению деловых встреч, посвящённых перспективам развития доступного туризма в Торжке.</li>
</ul>"
2,"Этапы отбора:
Подача заявок (до 25 июля).
Онлайн тестирование на личностные качества (до 31 июля).
Интервью по компетенциям (до 15 августа).","<p><b>Этапы отбора:</b></p>
<ul>
  <li>Подача заявок (до 25 июля).</li>
  <li>Онлайн тестирование на личностные качества (до 31 июля).</li>
  <li>Интервью по компетенциям (до 15 августа).</li>
</ul>"
3,"С 1 по 31 июля у вас есть возможность принести гуманитарную помощь:
корм
лакомства
средства от паразитов
поводки и ошейники
пеленки
","<p><b>С 1 по 31 июля у вас есть возможность принести гуманитарную помощь:</b></p>
<ul>
  <li>корм</li>
  <li>лакомства</li>
  <li>средства от паразитов</li>
  <li>поводки и ошейники</li>
  <li>пеленки</li>
</ul>"
4,"В ходе проекта участники научатся:
перерабатывать пластик
работать с агрегатами
делать из пластика новые предметы. 


""","<p><b>В ходе проекта участники научатся:</b></p>
<ul>
  <li>перерабатывать пластик</li>
  <li>работать с агрегатами</li>
  <li>делать из пластика новые предметы.</li>
</ul>"
5,Будет функционировать несколько площадок:Баскетбол;&nbsp;Бадминтон;&nbsp;Настольный теннис;&nbsp;Дартс;&nbsp;Турнир со скакалками;&nbsp;Турнир семейных игр.,"<p><b>Будет функционировать несколько площадок:</b></p>
<ul>
  <li>Баскетбол;</li>
  <li>Бадминтон;</li>
  <li>Настольный теннис;</li>
  <li>Дартс;</li>
  <li>Турнир со скакалками;</li>
  <li>Турнир семейных игр.</li>
</ul>"
6,"""Помощь в проведении Масштабного бегового события - """"ПЕРМСКИЙ МАРАФОН 2022"""""",,""
Тысячи людей пробегут по центральным улицам Перми, чтобы понять, что они сильнее, чем думали, могут больше, чем предполагали, и способны на большее.Масштабное беговое событие - ПЕРМСКИЙ МАРАФОН 2022 состоится 3 - 4 сентября.&nbsp;⠀
Волонтёры будут помогать в организации масштабного городского спортивного события: встречать гостей и участников мероприятия организовывать спортсменов на старте награждать участников на финише выполнять другие организационные задачи&nbsp;""","<p><b>""Помощь в проведении Масштабного бегового события - ""ПЕРМСКИЙ МАРАФОН 2022"",""
Тысячи людей пробегут по центральным улицам Перми, чтобы понять, что они сильнее, чем думали, могут больше, чем предполагали, и способны на большее.
Масштабное беговое событие - ПЕРМСКИЙ МАРАФОН 2022 состоится 3 - 4 сентября.;⠀
Волонтёры будут помогать в организации масштабного городского спортивного события:</b></p>
<ul>
  <li>встречать гостей и участников мероприятия организовывать спортсменов на старте награждать участников на финише выполнять другие организационные задачи;""</li>
</ul>"
7,Даты перелётов с Ямала в Краснодар30.05.2022 Новый Уренгой - Краснодар23.06.2022 Ноябрьск - Краснодар17.07.2022 Салехард - Краснодар10.08.2022 Надым - Краснодар,"<ul>
  <li>Даты перелётов с Ямала в Краснодар 30.05.2022 Новый Уренгой</li>
  <li>Краснодар 23.06.2022 Ноябрьск</li>
  <li>Краснодар 17.07.2022 Салехард</li>
  <li>Краснодар 10.08.2022 Надым</li>
  <li>Краснодар</li>
</ul>"
8,"Кого мы ищем:людей, которые любят природуготовы к физическому труду на свежем воздухехотят попробовать себя в строительстве тропынепьющих и некурящих (или готовых отказаться от вредных привычек на время проекта)готовых работать в команде","<p>Кого мы ищем: людей, которые любят природу готовы к физическому труду на свежем воздухе хотят попробовать себя в строительстве тропы непьющих и некурящих (или готовых отказаться от вредных привычек на время проекта) готовых работать в команде</p>"
9,В ходе лекций будет обсуждено множество тем:Экологические вызовы современного мираВлияние человечества на глобальные проблемыПопуляризация раздельного сбора отходов и утилизация ТКООтветственное потреблении и устойчивое развитие.,"<p><b>В ходе лекций будет обсуждено множество тем:</b></p>
<ul>
  <li>Экологические вызовы современного мира.</li>
  <li>Влияние человечества на глобальные проблемы.</li>
  <li>Популяризация раздельного сбора отходов и утилизация ТКООтветственное потреблении и устойчивое развитие.</li>
</ul>"
10,С 1 по 31 июля у вас есть возможность принести гуманитарную помощь:кормлакомствасредства от паразитовповодки и ошейникипеленки,<p>С 1 по 31 июля у вас есть возможность принести гуманитарную помощь: корм лакомства средства от паразитов поводки и ошейники пеленки</p>
11,В ходе лекций будет затронуто множество тем:Экологические вызовы современного мираВлияние человечества на глобальные проблемыПопуляризация раздельного сбора отходов и утилизация ТКООтветственное потребление и устойчивое развитие.,"<p><b>В ходе лекций будет затронуто множество тем:</b></p>
<ul>
  <li>Экологические вызовы современного мира.</li>
  <li>Влияние человечества на глобальные проблемы.</li>
  <li>Популяризация раздельного сбора отходов и утилизация ТКООтветственное потребление и устойчивое развитие.</li>
</ul>"
12,Этапы отбора:1. Подача заявок (до 19 июля);2. Онлайн тестирование на личностные качества (до 22 июля);3. Интервью по компетенциям (до 30 июля).,"<p><b>Этапы отбора:</b></p>
<ul>
  <li>1. Подача заявок (до 19 июля);</li>
  <li>2. Онлайн тестирование на личностные качества (до 22 июля);</li>
  <li>3. Интервью по компетенциям (до 30 июля).</li>
</ul>"
13,В ходе проекта участники научатся:перерабатывать пластикработать с агрегатамиделать из пластика новые предметы. ,"<p><b>В ходе проекта участники научатся:</b></p>
<ul>
  <li>перерабатывать пластик работать с агрегатами делать из пластика новые предметы.</li>
</ul>"
14,"Как помочь? Писать тексты о жителях приюта;Писать тексты о пристройстве/розыске животных — мы получаем много сообщений с просьбами пристроить животных и потеряшках;И самое интересное — писать тексты о приюте, о жизни приюта, проблемах, радостях и многом-многом другом! Вы можете выбрать какого-либо Хвостика из приюта и стать его информационным куратором с целью пристройства.","<ul>
  <li>Как помочь? Писать тексты о жителях приюта;</li>
  <li>Писать тексты о пристройстве/розыске животных — мы получаем много сообщений с просьбами пристроить животных и потеряшках;</li>
  <li>И самое интересное — писать тексты о приюте, о жизни приюта, проблемах, радостях и многом-многом другом! Вы можете выбрать какого-либо Хвостика из приюта и стать его информационным куратором с целью пристройства.</li>
</ul>"
15,"Всегда требуется помощь волонтеров:сортировать и раскладывать вещи на складе (одежда, различные бытовые предметы)забирать одежду, продукты питания от тех, кто отдает, и доставлять до склада в г. Ростовеотвозить одежду, лекарства, продукты питания нуждающимся семьям Ярославской области (в том числе в сельскую местность)""","<p><b>Всегда требуется помощь волонтеров:</b></p>
<ul>
  <li>сортировать и раскладывать вещи на складе (одежда, различные бытовые предметы) забирать одежду, продукты питания от тех, кто отдает, и доставлять до склада в г.</li>
  <li>Ростовеотвозить одежду, лекарства, продукты питания нуждающимся семьям Ярославской области (в том числе в сельскую местность)""</li>
</ul>"
16,"Условия для волонтеров:

обеспечивается питание и проживание в уютных деревянных коттеджах на территории нашего центра;организуется трансфер из Москвы и Владимира;проводится обучающий тренинг;предоставляется сертификат о прохождении 
подготовки по методике терапевтического отдыха для детей, которые перенесли тяжелые заболевания;делается запись в волонтерскую книжку;готовятся благодарности за участие в программе.","<p><b>Условия для волонтеров:</b></p>
<ul>
  <li>обеспечивается питание и проживание в уютных деревянных коттеджах на территории нашего центра;</li>
  <li>организуется трансфер из Москвы и Владимира;</li>
  <li>проводится обучающий тренинг;</li>
  <li>предоставляется сертификат о прохождении подготовки по методике терапевтического отдыха для детей, которые перенесли тяжелые заболевания;</li>
  <li>делается запись в волонтерскую книжку;</li>
  <li>готовятся благодарности за участие в программе.</li>
</ul>"
17,"
Подать заявку на участие в волонтерской деятельности
Пройти собеседование, которое проводится 1-2 раза в месяц (сейчас в дистанционном режиме). Координатор Волонтерского центра свяжется с каждым заявителем чтобы объяснить, что необходимо сделать для прохождения&nbsp; собеседования.
""","<ul>
  <li>Подать заявку на участие в волонтерской деятельности</li>
  <li>Пройти собеседование, которое проводится 1-2 раза в месяц (сейчас в дистанционном режиме). Координатор Волонтерского центра свяжется с каждым заявителем чтобы объяснить, что необходимо сделать для прохождения; собеседования.</li>
</ul>"
18,"
Подать заявку на участие в волонтерской деятельности&nbsp; &nbsp;Пройти собеседование, которое проводится 1-2 раза в месяц. Координатор Волонтерского центра свяжется с каждым заявителем чтобы объяснить, что надо для собеседования.
""","<ul>
  <li>Подать заявку на участие в волонтерской деятельности; ;</li>
  <li>Пройти собеседование, которое проводится 1-2 раза в месяц. Координатор Волонтерского центра свяжется с каждым заявителем чтобы объяснить, что надо для собеседования.</li>
</ul>"
19,"Требования к волонтерам:Гражданство РФ;
Возраст от 18 лет;Профильное образование по бухгалтерскому учету;Знания по работе с программой 1С Бухгалтерия;&nbsp;Опыт работы в сфере обучения кадров;
Подтверждающие документы;Готовность принимать участие на территории с режимом военного положения;Прохождение онлайн-курса Гуманитарные миссии #МЫВМЕСТЕ.","<p><b>Требования к волонтерам:</b></p>
<ul>
  <li>Гражданство РФ;</li>
  <li>Возраст от 18 лет;</li>
  <li>Профильное образование по бухгалтерскому учету;</li>
  <li>Знания по работе с программой 1. С Бухгалтерия;</li>
  <li>Опыт работы в сфере обучения кадров;</li>
  <li>Подтверждающие документы;</li>
  <li>Готовность принимать участие на территории с режимом военного положения;</li>
  <li>Прохождение онлайн-курса Гуманитарные миссии #МЫВМЕСТЕ.</li>
</ul>"
20,"Вовлечь детей в активную созидательную деятельность, способствующую развитию культуры безопасного поведения на дорогах.
Популяризовать движение ЮИД посредством применения современных, интересных детям информационных технологий.
Способствовать формированию активной гражданской позиции у подрастающего поколения.
Способствовать снижению дорожно-транспортного травматизма у детей и жителей Республики Алтай","<ul>
  <li>Вовлечь детей в активную созидательную деятельность, способствующую развитию культуры безопасного поведения на дорогах.</li>
  <li>Популяризовать движение ЮИД посредством применения современных, интересных детям информационных технологий.</li>
  <li>Способствовать формированию активной гражданской позиции у подрастающего поколения.</li>
  <li>Способствовать снижению дорожно-транспортного травматизма у детей и жителей Республики Алтай</li>
</ul>"
21,"Подготовка документации для оформления визы студентом из европеских, африканских, американских странЗаполнение отчетной документации от КГМУЗаполение отчетной документации от проектов SCOPE, SCORE, General IFMSAОформление договоренности с университетом (КГМУ) и конкретной кафедрой для прохожденя стажировки иностранным студентомОформление договоренности с медицинскими ассоцияциями Бразилии о предстоящих обменах с ТатарстаномПодписание контрактов на платформе IFMSAРаспредление студентов на стажировки по бально-рейтинговой системеПрием заявок приезжающих студентов на платформе IFMSAОформление Card of Acceptance для приезжащих студентовСбор заявок на оформление Invitation Letters, оформление Invitation LettersОформление Гарантийных писемПодписание договоров с кафедрами Казанского ГМУ для определеня мест стажировко приезжающих иностранных студентовПомощь в оформлении документации приезжающим студентамРаспределение их по кафедрам и распрежеление Contact People&nbsp;Прием студентов, организация Social Program","<ul>
  <li>Подготовка документации для оформления визы студентом из европейских, африканских, американских стран. Заполнение отчетной документации от КГМУЗаполение отчетной документации от проектов SCOPE, SCORE, General IFMSA. Оформление договоренности с университетом (КГМУ) и конкретной кафедрой для прохождения стажировки иностранным студентом. Оформление договоренности с медицинскими ассоцияциями Бразилии о предстоящих обменах с Татарстаном. Подписание контрактов на платформе IFMSA. Распредление студентов на стажировки по бально-рейтинговой системе. Прием заявок приезжающих студентов на платформе IFMSA. Оформление Card of Acceptance для приезжащих студентов. Сбор заявок на оформление Invitation Letters, оформление Invitation Letters. Оформление Гарантийных писем. Подписание договоров с кафедрами Казанского ГМУ для определен мест стажировка приезжающих иностранных студентов. Помощь в оформлении документации приезжающим студентам. Распределение их по кафедрам и распределение Contact People;</li>
  <li>Прием студентов, организация Social Program</li>
</ul>"
22,"Чтобы сделать прибывание в лагере максимально продуктивным, запланированы следующие активности: зарядки с элементами йоги или цигунсессии, направленные на овладение навыками гармоничного прибывания в лесу, вечерние настольные игры трансформационного самопознания кинопросмотры на проекторепосиделки у костра.","<p><b>Чтобы сделать прибывание в лагере максимально продуктивным, запланированы следующие активности:</b></p>
<ul>
  <li>зарядки с элементами йоги или ци гу н сессии, направленные на овладение навыками гармоничного прибывания в лесу, вечерние настольные игры трансформационного самопознания кинопросмотры на проекторе посиделки у костра.</li>
</ul>"
23,"Сроки привлечения волонтеров: с 27 августа по 4 сентября 2022 годаЭтапы отбора:
Подача заявок (до 4 августа).
Онлайн тестирование на личностные качества (до 7 августа).
Интервью по компетенциям (до 11 августа).
Финальное решение по участию будет принято не позднее 15 августа.
","<p><b>Сроки привлечения волонтеров:</b></p>
<ul>
  <li>с 27 августа по 4 сентября 2022 года.</li>
  <li>Этапы отбора: Подача заявок (до 4 августа).</li>
  <li>Онлайн тестирование на личностные качества (до 7 августа).</li>
  <li>Интервью по компетенциям (до 11 августа).</li>
  <li>Финальное решение по участию будет принято не позднее 15 августа.</li>
</ul>"
24,"Не принимаем:
обувь, сумки и кожаные изделия;
нижнее белье, носки, колготки, купальники;
матрасы, одеяла, подушки. ","<p><b>Не принимаем:</b></p>
<ul>
  <li>обувь, сумки и кожаные изделия;</li>
  <li>нижнее белье, носки, колготки, купальники;</li>
  <li>матрасы, одеяла, подушки.</li>
</ul>"
25,p>Перед волонтерами стоят следующие задачи:&nbsp;облагораживание территории музея;работа по уходу за экспонатами под руководством специалистов музея.,"<ul>
  <li>p>Перед волонтерами стоят следующие задачи:;</li>
  <li>облагораживание территории музея;</li>
  <li>работа по уходу за экспонатами под руководством специалистов музея.</li>
</ul>"
26,В программе:Выполнение норм ГТОТурнир по мини - футболуТурнир по мини - баскетболуТурнир по мини - волейболуБорьба на поясахПеретягивание каната,"<p><b>В программе:</b></p>
<ul>
  <li>Выполнение норм ГТОТурнир по мини - футболу.</li>
  <li>Турнир по мини - баскетболу.</li>
  <li>Турнир по мини - волейболу.</li>
  <li>Борьба на поясах.</li>
  <li>Перетягивание каната</li>
</ul>"
27,"Задачи акции: Сформировать чувство сопричастности к занятию волонтерской деятельностью.Реализовать на территории региона информационные, интерактивные и вовлекающие акции и флешмобы.","<p><b>Задачи акции:</b></p>
<ul>
  <li>Сформировать чувство сопричастности к занятию волонтерской деятельностью.</li>
  <li>Реализовать на территории региона информационные, интерактивные и вовлекающие акции и флешмобы.</li>
</ul>"
28,"Спикеры:Матвей Масальцев, заместитель председателя Совета Ассоциации волонтерских центров;Юлия Устинова, координатор проекта #МЫВМЕСТЕ.","<p><b>Спикеры:</b></p>
<ul>
  <li>Матвей Масальцев, заместитель председателя Совета Ассоциации волонтерских центров;</li>
  <li>Юлия Устинова, координатор проекта #МЫВМЕСТЕ.</li>
</ul>"
29,"Основные задачи:
Пропаганда здорового образа жизни;&nbsp;Популяризация бега как массового и доступного вида спорта;&nbsp;Привлечение всех групп населения к систематическим занятиям физкультурой и спортом;&nbsp;Популяризация и развитие циклических видов спорта среди любителей и профессиональных спортсменов;Совершенствование мастерства и выявление сильнейших спортсменов.Мероприятие пройдет по адресу: г. Сургут, ул. Югорский тракт 8а, стадион «Спортивное ядро» лыже роллерная трасса&nbsp;""","<p><b>Основные задачи:</b></p>
<ul>
  <li>Пропаганда здорового образа жизни;</li>
  <li>Популяризация бега как массового и доступного вида спорта;</li>
  <li>Привлечение всех групп населения к систематическим занятиям физкультурой и спортом;</li>
  <li>Популяризация и развитие циклических видов спорта среди любителей и профессиональных спортсменов;</li>
  <li>Совершенствование мастерства и выявление сильнейших спортсменов.
Мероприятие пройдет по адресу: г. Сургут, ул. Югорский тракт 8 а, стадион «Спортивное ядро» лыже роллерная трасса;</li>
  <li>""</li>
</ul>"
30,"Организатор акции МБУК """"ГХГ """"Пейзажи Севера""""&nbsp;Акция стартует 27 августа 2022 года в 12:00традиционные музейные экскурсии;экскурсии по учреждениям культуры;&nbsp;пешеходные экскурсии по городу;экскурсионные квесты;экскурсии на средствах передвижения;гастрономические экскурсии с участием представителей бизнеса;экскурсии по промышленным предприятиям и творческим мастерским;экскурсии с известными людьми;иммерсивные экскурсии;творческие мастер-классы;тематические лекции.","<ul>
  <li>Организатор акции МБУК ""ГХГ ""Пейзажи Севера"";</li>
  <li>Акция стартует 27 августа 2022 года в 12:00 традиционные музейные экскурсии;</li>
  <li>экскурсии по учреждениям культуры;</li>
  <li>пешеходные экскурсии по городу;</li>
  <li>экскурсионные квесты;</li>
  <li>экскурсии на средствах передвижения;</li>
  <li>гастрономические экскурсии с участием представителей бизнеса;</li>
  <li>экскурсии по промышленным предприятиям и творческим мастерским;</li>
  <li>экскурсии с известными людьми;</li>
  <li>иммерсивные экскурсии;</li>
  <li>творческие мастер-классы;</li>
  <li>тематические лекции.</li>
</ul>"
31,"Ты можешь стать частью нашей крутой команды, если
ты имеешь опыт волонтерской деятельности на форумах, фестивалях и других масштабных мероприятияхтебе от 18 до 25 летты коммуникативен, гибок и умеешь адаптироваться к молниеносно изменяющимся ситуациям;&nbsp;наш проект настолько живой, что в период его проведения, программа развивается вместе с ними самое главное – ты заряжен позитивом и готов им делиться!","<ul>
  <li>Ты можешь стать частью нашей крутой команды, если</li>
  <li>ты имеешь опыт волонтерской деятельности на форумах, фестивалях и других масштабных мероприятиях тебе от 18 до 25 ленты коммуникативен, гибок и умеешь адаптироваться к молниеносно изменяющимся ситуациям;</li>
  <li>наш проект настолько живой, что в период его проведения, программа развивается вместе с ними самое главное – ты заряжен позитивом и готов им делиться!</li>
</ul>"
32,"Конечно же, мы гарантируем тебе:бесплатное питание, проживание, трансфер на протяжении всего мероприятия;
благодарственное письмо;
возможность стать частью большого Путешествия Мечты Нижегородских подростков и молодежи;
тематический мерч
бесплатное питание, проживание, трансфер на протяжении всего мероприятия;
благодарственное письмо;
возможность стать частью большого Путешествия Мечты Нижегородских подростков и молодежи;
тематический мерч;
знакомство и общение с лидерами позитивных изменений России - Вдохновителями и привлеченными экспертами;
 а для самых активных и креативных волонтеров – мы предоставим возможность поездки на грандиозный фестиваль Маршрута, который пройдет в Москве в декабре этого года.","<p><b>Конечно же, мы гарантируем тебе:</b></p>
<ul>
  <li>бесплатное питание, проживание, трансфер на протяжении всего мероприятия;</li>
  <li>благодарственное письмо;</li>
  <li>возможность стать частью большого Путешествия Мечты Нижегородских подростков и молодежи;</li>
  <li>тематический мерч
бесплатное питание, проживание, трансфер на протяжении всего мероприятия;</li>
  <li>благодарственное письмо;</li>
  <li>возможность стать частью большого Путешествия Мечты Нижегородских подростков и молодежи;</li>
  <li>тематический мерч;</li>
  <li>знакомство и общение с лидерами позитивных изменений России - Вдохновителями и привлеченными экспертами;</li>
  <li>а для самых активных и креативных волонтеров – мы предоставим возможность поездки на грандиозный фестиваль Маршрута, который пройдет в Москве в декабре этого года.</li>
</ul>"
33,"2 июля 2022 года в Железногорске Красноярского края пройдёт необычный забег - под названием """"Сумеречные огни"""", по мотивам древнеславянской мифологии.","<ul>
  <li>2 июля 2022 года в Железногорске Красноярского края пройдёт необычный забег</li>
  <li>под названием ""Сумеречные огни"", по мотивам древнеславянской мифологии.</li>
</ul>"
34,"В ходе лекций будет обсуждено множество тем:
Экологические вызовы современного мира
Влияние человечества на глобальные проблемы
Популяризация раздельного сбора отходов и утилизация ТКО
Ответственное потреблении и устойчивое развитие.
","<p><b>В ходе лекций будет обсуждено множество тем:</b></p>
<ul>
  <li>Экологические вызовы современного мира</li>
  <li>Влияние человечества на глобальные проблемы</li>
  <li>Популяризация раздельного сбора отходов и утилизация ТКО</li>
  <li>Ответственное потреблении и устойчивое развитие.</li>
</ul>"
35,"Чтобы поступить на программу, необходимо:Написать небольшое эссе (1 страница), какие волонтерские проекты могли бы развиваться в Университете """"Синергия""""Пройти собеседование по видеосвязи с руководителем проекта&nbsp;Получить приглашение на Школу Лидерства, которая пройдет в Москве с 10 по 16 июля (будет проходить обучение по специальности, а также разные активности https://vk.com/video-102471526_456239092)Подтвердить участие в школе лидерства","<p><b>Чтобы поступить на программу, необходимо:</b></p>
<ul>
  <li>Написать небольшое эссе (1 страница), какие волонтерские проекты могли бы развиваться в Университете ""Синергия""Пройти собеседование по видеосвязи с руководителем проекта;</li>
  <li>Получить приглашение на Школу Лидерства, которая пройдет в Москве с 10 по 16 июля (будет проходить обучение по специальности, а также разные активности https:/vk.com/video-102471526_456239092) Подтвердить участие в школе лидерства</li>
</ul>"
36,"Формат проведения мероприятия:Мастер-класс по дрессировке
Интерактивная беседа с участниками
Мини лекция
","<p><b>Формат проведения мероприятия:</b></p>
<ul>
  <li>Мастер-класс по дрессировке</li>
  <li>Интерактивная беседа с участниками</li>
  <li>Мини лекция</li>
</ul>"
37,"В задачи волонтеров будут входить следующие задачи:встреча и сопровождение гостей;раздача мороженого и воды;помощь в рассадке;помощь на точке сбора;помощь в рассадке гостей;помощь ведущим""","<p><b>В задачи волонтеров будут входить следующие задачи:</b></p>
<ul>
  <li>встреча и сопровождение гостей;</li>
  <li>раздача мороженого и воды;</li>
  <li>помощь в рассадке;</li>
  <li>помощь на точке сбора;</li>
  <li>помощь в рассадке гостей;</li>
  <li>помощь ведущим""</li>
</ul>"
38,"Участники тренинга по социальному проектированию узнают:что такое социальный проект, какие проблемы он может решить;
что такое грант;
как правильно сформулировать цель проекта и чем цель отличается от задачи,&nbsp;как определить&nbsp;целевую группу проекта;что такое команда проекта, как ее сформировать;
составление плана работы по проекту;
критерии оценки социального проекта;
как обеспечить устойчивость своего проекта.","<p><b>Участники тренинга по социальному проектированию узнают:</b></p>
<ul>
  <li>что такое социальный проект, какие проблемы он может решить;</li>
  <li>что такое грант;</li>
  <li>как правильно сформулировать цель проекта и чем цель отличается от задачи,;</li>
  <li>как определить;</li>
  <li>целевую группу проекта;</li>
  <li>что такое команда проекта, как ее сформировать;</li>
  <li>составление плана работы по проекту;</li>
  <li>критерии оценки социального проекта;</li>
  <li>как обеспечить устойчивость своего проекта.</li>
</ul>"
39,"<Фестиваль проводится в целях:
популяризации и развития студенческого регби;
пропаганды физической культуры, спорта и здорового образа жизни среди студентов и укрепления их здоровья;
повышения спортивного мастерства студентов Мурманского арктического государственного университета;
выявления перспективных и талантливых игроков.","<p><b><Фестиваль проводится в целях:</b></p>
<ul>
  <li>популяризации и развития студенческого регби;</li>
  <li>пропаганды физической культуры, спорта и здорового образа жизни среди студентов и укрепления их здоровья;</li>
  <li>повышения спортивного мастерства студентов Мурманского арктического государственного университета;</li>
  <li>выявления перспективных и талантливых игроков.</li>
</ul>"
40,"Уроки будут проводится в следующих аудиториях (компьютерный класс):&nbsp;
Ленина, 57(ауд. 210, 211)""
","<ul>
  <li>Уроки будут проводится в следующих аудиториях (компьютерный класс):;</li>
  <li>Ленина, 57(ауд. 210, 211)""</li>
</ul>"
41,"<Соорганизаторами конференции являются:
МЧС России (в лице Главного управления МЧС России по Мурманской области и Всероссийского научно-исследовательского института по проблемам гражданской обороны и чрезвычайных ситуаций МЧС России)
Минобрнауки России и Северо-Европейский открытый научно-образовательный консорциум (в лице Мурманского арктического государственного университета и Мурманского государственного технического университета).","<p><b><Соорганизаторами конференции являются:</b></p>
<ul>
  <li>МЧС России (в лице Главного управления МЧС России по Мурманской области и Всероссийского научно-</li>
  <li>исследовательского института по проблемам гражданской обороны и чрезвычайных ситуаций МЧС России)
Минобрнауки России и Северо-</li>
  <li>Европейский открытый научно-</li>
  <li>образовательный консорциум (в лице Мурманского арктического государственного университета и Мурманского государственного технического университета).</li>
</ul>"
42,"Соревнования проводятся в двух категориях:Лига А (команды ВПК, кадетские классы, юнармейские отряды) – 14-17 лет;Лига Б (команды профессиональных образовательных организаций) – 16-18 лет.","<p><b>Соревнования проводятся в двух категориях:</b></p>
<ul>
  <li>Лига А (команды ВПК, кадетские классы, юнармейские отряды) – 14-</li>
  <li>17 лет;
Лига Б (команды профессиональных образовательных организаций) – 16-</li>
  <li>18 лет.</li>
</ul>"
43,"В программе Фестиваля:
спектакль «Теремок» детского инклюзивного театра «Балаганчик» МБУ ДО Дом детского творчества им. А.Торцева;
миниконцерт оркестра «Веселые нотки» с участием детей с расстройством аутистического спектра от """"Детей-Ангелов Мурмана"""";
презентация итогов акции «Мамина радость», в рамках которой мамы делились мыслями и чувствами об опыте особенного родительства;
выставка рисунков особенных детей  «Я художник! Я так вижу!»;
инклюзивный мастер-класс по созданию поделки.&nbsp;","<p><b>В программе Фестиваля:</b></p>
<ul>
  <li>спектакль «Теремок» детского инклюзивного театра «Балаганчик» МБУ ДО Дом детского творчества им. А.</li>
  <li>Торцева;</li>
  <li>миниконцерт оркестра «Веселые нотки» с участием детей с расстройством аутистического спектра от ""Детей-Ангелов Мурмана"";</li>
  <li>презентация итогов акции «Мамина радость», в рамках которой мамы делились мыслями и чувствами об опыте особенного родительства;</li>
  <li>выставка рисунков особенных детей «Я художник! Я так вижу!»;</li>
  <li>инклюзивный мастер-класс по созданию поделки.;</li>
</ul>"
44,"Мероприятие пройдет в ФГБОУ ВО """"МАГУ\""26 апреля с 16.00 до 18.0027 апреля с 10.30 до 15.30""","<p>Мероприятие пройдет в ФГБОУ ВО ""МАГУ\""26 апреля с 16.00 до 18.0027 апреля с 10.30 до 15.30""</p>"
45,"Для участников будут подготовлены мастер классы:
Акселерация проекта: трек «Делаю» — будет сделан подробный разбор всех этапов конкурсного трека и оказана помощь с заполнением заявки для участия в конкурсе (ул. Егорова, 16, ауд. 311).
Отбор в продюсерский центр — студенты получают рекомендации по личностному развитию и пройдут отбор в продюсерский центр с дальнейшим включением в акселерационные программы (ул. Егорова, 16, ауд. 316).
Лига будущего. Студенты. — студенты выдвинут предложения по улучшению вуза, региона, страны (ул. Егорова, 16, ауд. 415).
""","<p><b>Для участников будут подготовлены мастер классы:</b></p>
<ul>
  <li>Акселерация проекта: трек «Делаю» — будет сделан подробный разбор всех этапов конкурсного трека и оказана помощь с заполнением заявки для участия в конкурсе (ул.</li>
  <li>Егорова, 16, ауд.</li>
  <li>311).</li>
  <li>Отбор в продюсерский центр — студенты получают рекомендации по личностному развитию и пройдут отбор в продюсерский центр с дальнейшим включением в акселерационные программы (ул.</li>
  <li>Егорова, 16, ауд.</li>
  <li>316).</li>
  <li>Лига будущего.</li>
  <li>Студенты.</li>
  <li>— студенты выдвинут предложения по улучшению вуза, региона, страны (ул.</li>
  <li>Егорова, 16, ауд.</li>
  <li>415).</li>
</ul>"
46,Цель Форумавыработка эффективных механизмов профилактики деструктивного поведения и формирования активной гражданской позиции у молодежи,<p>Цель Форумавыработка эффективных механизмов профилактики деструктивного поведения и формирования активной гражданской позиции у молодежи</p>
47,"Задача Форумаобучение по мониторингу противоправного контента для сотрудников координационных центров по вопросам формирования у молодежи активной гражданской позиции, предупреждения межнациональных и межконфессиональных конфликтов, противодействия идеологии терроризма и профилактики экстремизма, ответственных за информационное направлениеобмен лучшими практиками координационных центров по кибербезопасности в сфере образованияформирования духовно-нравственных ценностей и выработки индивидуальной траектории обучающихсясоздания позитивного и профилактического контентасохранение благоприятной межнациональной атмосферы и межнационального единства в молодежной среде, а также формирования общегражданской идентичности","<ul>
  <li>Задача Форумаобучение по мониторингу противоправного контента для сотрудников координационных центров по вопросам формирования у молодежи активной гражданской позиции, предупреждения межнациональных и межконфессиональных конфликтов, противодействия идеологии терроризма и профилактики экстремизма, ответственных за информационное направление обмен лучшими практиками координационных центров по кибербезопасности в сфере образования формирования духовно</li>
  <li>нравственных ценностей и выработки индивидуальной траектории обучающихся создания позитивного и профилактического контента сохранение благоприятной межнациональной атмосферы и межнационального единства в молодежной среде, а также формирования общегражданской идентичности</li>
</ul>"
48,"Категории участников окружных форумов добровольцев:
Представитель КДМ, реализующий региональный проект «Социальная активность»;
Представители региональных министерств и ведомств, деятельность которых связана с развитием добровольчества (здравоохранения, ЖКХ, культура, охрана памятников, экономика) (общая информация о возможностях волонтерской деятельности);
Участники Международной Премии #МЫВМЕСТЕ;
Региональные организаторы Международной Премии #МЫВМЕСТЕ;
Представители крупных всероссийских организаций (Волонтеры-медики, волонтеры-экологи, волонтеры Победы, Волонтеры культуры, ВСКС, крупные советы по развитию корпоративного добровольчества);
Руководители региональных ресурсных центров по развитию добровольчества.
","<p><b>Категории участников окружных форумов добровольцев:</b></p>
<ul>
  <li>Представитель КДМ, реализующий региональный проект «Социальная активность»;</li>
  <li>Представители региональных министерств и ведомств, деятельность которых связана с развитием добровольчества (здравоохранения, ЖКХ, культура, охрана памятников, экономика) (общая информация о возможностях волонтерской деятельности);</li>
  <li>Участники Международной Премии #МЫВМЕСТЕ;</li>
  <li>Региональные организаторы Международной Премии #МЫВМЕСТЕ;</li>
  <li>Представители крупных всероссийских организаций (Волонтеры-медики, волонтеры-экологи, волонтеры Победы, Волонтеры культуры, ВСКС, крупные советы по развитию корпоративного добровольчества);</li>
  <li>Руководители региональных ресурсных центров по развитию добровольчества.</li>
</ul>"
49,"Задачи Форума:
популяризация добровольческого (волонтерского) движения;
формирование необходимых знаний навыков и компетенций у участников добровольческого (волонтерского) движения;
создание благоприятной среды для саморазвития и профессионального роста участников добровольческого (волонтерского) движения;
поощрение лучших практик, проектов, программ и команд добровольцев (волонтеров);
развитие управленческих навыков при реализации добровольческих (волонтерских) проектов;
консолидация лучших российских добровольческих (волонтерских) инициатив.


","<p><b>Задачи Форума:</b></p>
<ul>
  <li>популяризация добровольческого (волонтерского) движения;</li>
  <li>формирование необходимых знаний навыков и компетенций у участников добровольческого (волонтерского) движения;</li>
  <li>создание благоприятной среды для саморазвития и профессионального роста участников добровольческого (волонтерского) движения;</li>
  <li>поощрение лучших практик, проектов, программ и команд добровольцев (волонтеров);</li>
  <li>развитие управленческих навыков при реализации добровольческих (волонтерских) проектов;</li>
  <li>консолидация лучших российских добровольческих (волонтерских) инициатив.</li>
</ul>"
50,"На мастер-классе вы:
Познакомитесь с интересным форматом обучения, которое превратит спикера в эксперта
Научитесь публичным выступлениям, и получите заряд положительных эмоций
""","<p><b>На мастер-классе вы:</b></p>
<ul>
  <li>Познакомитесь с интересным форматом обучения, которое превратит спикера в эксперта
Научитесь публичным выступлениям, и получите заряд положительных эмоций</li>
</ul>"
51,"Приглашаются все желающие! 
перчатки и пакеты будут выдаваться.
ВНИМАНИЕ: акция состоится при благоприятных погодных условиях.


""","<p><b>Приглашаются все желающие! перчатки и пакеты будут выдаваться.
ВНИМАНИЕ:</b></p>
<ul>
  <li>акция состоится при благоприятных погодных условиях.</li>
</ul>"
52,"Формат акции рассчитан на две возрастные категории:
5-7 лет
8-12 лет и старше","<p><b>Формат акции рассчитан на две возрастные категории:</b></p>
<ul>
  <li>5-</li>
  <li>7 лет
8-</li>
  <li>12 лет и старше</li>
</ul>"
53,"Некоторые из волонтерских задач:
Привлечение заинтересованных лиц и организаций, а также лидеров общественного мнения к поддержке инициатив проекта.
Взаимодействие с партнерами проекта, участие в партнерских мероприятиях.
Сопровождение деловых, научных, культурно-массовых и просветительских мероприятий.
Обеспечение информационной поддержки проекта.
Популяризация инициатив проекта.

","<p><b>Некоторые из волонтерских задач:</b></p>
<ul>
  <li>Привлечение заинтересованных лиц и организаций, а также лидеров общественного мнения к поддержке инициатив проекта.</li>
  <li>Взаимодействие с партнерами проекта, участие в партнерских мероприятиях.</li>
  <li>Сопровождение деловых, научных, культурно-массовых и просветительских мероприятий.</li>
  <li>Обеспечение информационной поддержки проекта.</li>
  <li>Популяризация инициатив проекта.</li>
</ul>"
54,"Этапы отбора:Подача заявок (до 27 февраля).
Онлайн тестирование на личностные качества и знание английского языка (до 8 марта).
Интервью по компетенциям, включающее устное собеседование на английском языке (до 23 апреля).","<p><b>Этапы отбора:</b></p>
<ul>
  <li>Подача заявок (до 27 февраля).</li>
  <li>Онлайн тестирование на личностные качества и знание английского языка (до 8 марта).</li>
  <li>Интервью по компетенциям, включающее устное собеседование на английском языке (до 23 апреля).</li>
</ul>"
55,"Этапы отбора:
Подача заявок (до 11 марта);
Онлайн тестирование на личностные качества и знание английского языка (до 16 марта);
Интервью по компетенциям, включающее устное собеседование на английском языке (до 22 апреля);
Интервью с Оргкомитетом Форума (до 20 мая). ","<p><b>Этапы отбора:</b></p>
<ul>
  <li>Подача заявок (до 11 марта);</li>
  <li>Онлайн тестирование на личностные качества и знание английского языка (до 16 марта);</li>
  <li>Интервью по компетенциям, включающее устное собеседование на английском языке (до 22 апреля);</li>
  <li>Интервью с Оргкомитетом Форума (до 20 мая).</li>
</ul>"
56,"Мероприятие пройдет в ФГБОУ ВО """"МАГУ\""28 апреля с 16.00 до 18.0029 апреля с 10.30 до 15.30""","<p>Мероприятие пройдет в ФГБОУ ВО ""МАГУ\""28 апреля с 16.00 до 18.0029 апреля с 10.30 до 15.30""</p>"
57,"3.  Дополнительные документы (не обязательно – при наличии): об образовании: диплом/студенческий билет/сертификат МС/сертификат медбрата/сертификат СПО или выписка из протокола.
медицинские: прививочный сертификат и сведения о вакцинации против гриппа.
","<p><b>3. Дополнительные документы (не обязательно – при наличии):</b></p>
<ul>
  <li>об образовании: диплом/студенческий билет/сертификат МС/сертификат медбрата/сертификат СПО или выписка из протокола.</li>
  <li>медицинские: прививочный сертификат и сведения о вакцинации против гриппа.</li>
</ul>"
58,"Функционал волонтеров:участие во флеш-моб """"Спасибо медикам!"""";организация и проведение праздничной программы;изготовление праздничных открыток","<p><b>Функционал волонтеров:</b></p>
<ul>
  <li>участие во флеш-моб ""Спасибо медикам!"";</li>
  <li>организация и проведение праздничной программы;</li>
  <li>изготовление праздничных открыток</li>
</ul>"
59,"Библиотека ищет тех, кто:Хочет попробовать себя в роли фотографа мероприятий (оборудование предоставим)Хочет попробовать себя в качестве лектора, ведущего мероприятийУмеет разрабатывать сценарии мероприятий для детей","<p><b>Библиотека ищет тех, кто:</b></p>
<ul>
  <li>Хочет попробовать себя в роли фотографа мероприятий (оборудование предоставим) Хочет попробовать себя в качестве лектора, ведущего мероприятий.</li>
  <li>Умеет разрабатывать сценарии мероприятий для детей</li>
</ul>"
60,"Мероприятие пройдет в ФГБОУ ВО """"МАГУ\""10 апреля с 16.00 до 18.0012 апреля с 10.30 до 15.30""","<p>Мероприятие пройдет в ФГБОУ ВО ""МАГУ\""10 апреля с 16.00 до 18.0012 апреля с 10.30 до 15.30""</p>"
61,"Номинации Конкурса:«Волонтер культуры 2022»;«Волонтер культуры 2022 в сфере сохранения культурного наследия»;«Лучший волонтерский центр в сфере культуры 2022»;«Лучшее учреждение культуры, реализующеедобровольчество в сфере культуры 2022»;Критерии отбора находятся в положении.","<ul>
  <li>Номинации Конкурса:«Волонтер культуры 2022»;«Волонтер культуры 2022 в сфере сохранения культурного наследия»;«Лучший волонтерский центр в сфере культуры 2022»;«Лучшее учреждение культуры, реализующее добровольчество в сфере культуры 2022»;</li>
  <li>Критерии отбора находятся в положении.</li>
</ul>"
62,"На выбор предлагаем:Обзор новостей:исследования, открытия и т.п. (предлагаем 4-5 ссылок из которых нужно сделать обзор). Подходит для старших школьников и старше.Подготовка статей по тематике:подготовка к беременности и беременность, роды, послеродовое восстановление, грудное вскармливание,профилактика эмоционального выгорания и депрессии, культура нетоксичного общения в семье, профилактика семейного насилия, воспитание детей, адаптация к саду, школе, отдых, учеба, досуг с детьми, работа и выход на работу после декрета. (предлагаем большой перечень материала для подготовки на выбор). Рекомендовано для подготовки 16+ Важно иметь (или нарабатывать хороший словарный запас и уметь пользоваться синонимами)Подготовка перевода статей по аналогичной тематике (п2). Исключительно 18+. Возможно для 16+ после предварительной проверки в написании статей + если уровень вашего иностранного на хорошем уровне.","<p><b>На выбор предлагаем:</b></p>
<ul>
  <li>Обзор новостей: исследования, открытия и т.</li>
  <li>п.</li>
  <li>(предлагаем 4-5 ссылок из которых нужно сделать обзор).</li>
  <li>Подходит для старших школьников и старше.</li>
  <li>Подготовка статей по тематике: подготовка к беременности и беременность, роды, послеродовое восстановление, грудное вскармливание,профилактика эмоционального выгорания и депрессии, культура нетоксичного общения в семье, профилактика семейного насилия, воспитание детей, адаптация к саду, школе, отдых, учеба, досуг с детьми, работа и выход на работу после декрета.</li>
  <li>(предлагаем большой перечень материала для подготовки на выбор).</li>
  <li>Рекомендовано для подготовки 16+ Важно иметь (или нарабатывать хороший словарный запас и уметь пользоваться синонимами) Подготовка перевода статей по аналогичной тематике (п 2).</li>
  <li>Исключительно 18+.</li>
  <li>Возможно для 16+ после предварительной проверки в написании статей + если уровень вашего иностранного на хорошем уровне.</li>
</ul>"
63,"📌Основные функции волонтеров:
Анализ информации в сети и отдельных сервисов платформы
Помощь в подготовке информационных материалов 
Участие в дистанционных встречах и мероприятиях команды волонтеровАктивная помощь специалистам SMM-продвижения&nbsp; (посты/stories/контент)","<p><b>📌Основные функции волонтеров:</b></p>
<ul>
  <li>Анализ информации в сети и отдельных сервисов платформы</li>
  <li>Помощь в подготовке информационных материалов Участие в дистанционных встречах и мероприятиях команды волонтеров. Активная помощь специалистам SMM-продвижения; (посты/stories/контент)</li>
</ul>"
64,"Конечно же, мы гарантируем тебе:бесплатное питание, проживание, трансфер на протяжении всего мероприятия;
благодарственное письмо;
возможность стать частью большого Путешествия Мечты Нижегородских подростков и молодежи;
тематический мерч
бесплатное питание, проживание, трансфер на протяжении всего мероприятия;
благодарственное письмо;
возможность стать частью большого Путешествия Мечты Нижегородских подростков и молодежи;
тематический мерч;
знакомство и общение с лидерами позитивных изменений России - Вдохновителями и привлеченными экспертами;
 а для самых активных и креативных волонтеров – мы предоставим возможность поездки на грандиозный фестиваль Маршрута, который пройдет в Москве в декабре этого года.","<p><b>Конечно же, мы гарантируем тебе:</b></p>
<ul>
  <li>бесплатное питание, проживание, трансфер на протяжении всего мероприятия;</li>
  <li>благодарственное письмо;</li>
  <li>возможность стать частью большого Путешествия Мечты Нижегородских подростков и молодежи;</li>
  <li>тематический мерч
бесплатное питание, проживание, трансфер на протяжении всего мероприятия;</li>
  <li>благодарственное письмо;</li>
  <li>возможность стать частью большого Путешествия Мечты Нижегородских подростков и молодежи;</li>
  <li>тематический мерч;</li>
  <li>знакомство и общение с лидерами позитивных изменений России - Вдохновителями и привлеченными экспертами;</li>
  <li>а для самых активных и креативных волонтеров – мы предоставим возможность поездки на грандиозный фестиваль Маршрута, который пройдет в Москве в декабре этого года.</li>
</ul>"
65,"Формат акции рассчитан на две возрастные категории:
6-8 лет
8-12 лет и старше","<p><b>Формат акции рассчитан на две возрастные категории:</b></p>
<ul>
  <li>6-</li>
  <li>8 лет
8-</li>
  <li>12 лет и старше</li>
</ul>"
66,Цель Форумавыработка эффективных механизмов профилактики деструктивного поведения и формирования активной гражданской позиции у молодежи,<p>Цель Форумавыработка эффективных механизмов профилактики деструктивного поведения и формирования активной гражданской позиции у молодежи</p>
67,"Для участников будут подготовлены мастер классы:
Акселерация проекта: трек «Делаю» — будет сделан подробный разбор всех этапов конкурсного трека и оказана помощь с заполнением заявки для участия в конкурсе (ул. Егорова, 16, ауд. 311).
Отбор в продюсерский центр — студенты получают рекомендации по личностному развитию и пройдут отбор в продюсерский центр с дальнейшим включением в акселерационные программы (ул. Егорова, 16, ауд. 316).
Лига будущего. Студенты. — студенты выдвинут предложения по улучшению вуза, региона, страны (ул. Егорова, 16, ауд. 415).
""","<p><b>Для участников будут подготовлены мастер классы:</b></p>
<ul>
  <li>Акселерация проекта: трек «Делаю» — будет сделан подробный разбор всех этапов конкурсного трека и оказана помощь с заполнением заявки для участия в конкурсе (ул.</li>
  <li>Егорова, 16, ауд.</li>
  <li>311).</li>
  <li>Отбор в продюсерский центр — студенты получают рекомендации по личностному развитию и пройдут отбор в продюсерский центр с дальнейшим включением в акселерационные программы (ул.</li>
  <li>Егорова, 16, ауд.</li>
  <li>316).</li>
  <li>Лига будущего.</li>
  <li>Студенты.</li>
  <li>— студенты выдвинут предложения по улучшению вуза, региона, страны (ул.</li>
  <li>Егорова, 16, ауд.</li>
  <li>415).</li>
</ul>"
68,"Мероприятие пройдет в ФГБОУ ВО """"МАГУ\""26 апреля с 16.00 до 18.0027 апреля с 10.30 до 15.30""","<p>Мероприятие пройдет в ФГБОУ ВО ""МАГУ\""26 апреля с 16.00 до 18.0027 апреля с 10.30 до 15.30""</p>"
69,"Категории участников окружных форумов добровольцев:
Представитель КДМ, реализующий региональный проект «Социальная активность»;
Представители региональных министерств и ведомств, деятельность которых связана с развитием добровольчества (здравоохранения, ЖКХ, культура, охрана памятников, экономика) (общая информация о возможностях волонтерской деятельности);
Участники Международной Премии #МЫВМЕСТЕ;
Региональные организаторы Международной Премии #МЫВМЕСТЕ;
Представители крупных всероссийских организаций (Волонтеры-медики, волонтеры-экологи, волонтеры Победы, Волонтеры культуры, ВСКС, крупные советы по развитию корпоративного добровольчества);
Руководители региональных ресурсных центров по развитию добровольчества.
","<p><b>Категории участников окружных форумов добровольцев:</b></p>
<ul>
  <li>Представитель КДМ, реализующий региональный проект «Социальная активность»;</li>
  <li>Представители региональных министерств и ведомств, деятельность которых связана с развитием добровольчества (здравоохранения, ЖКХ, культура, охрана памятников, экономика) (общая информация о возможностях волонтерской деятельности);</li>
  <li>Участники Международной Премии #МЫВМЕСТЕ;</li>
  <li>Региональные организаторы Международной Премии #МЫВМЕСТЕ;</li>
  <li>Представители крупных всероссийских организаций (Волонтеры-медики, волонтеры-экологи, волонтеры Победы, Волонтеры культуры, ВСКС, крупные советы по развитию корпоративного добровольчества);</li>
  <li>Руководители региональных ресурсных центров по развитию добровольчества.</li>
</ul>"
70,"Задача Форумаобучение по мониторингу противоправного контента для сотрудников координационных центров по вопросам формирования у молодежи активной гражданской позиции, предупреждения межнациональных и межконфессиональных конфликтов, противодействия идеологии терроризма и профилактики экстремизма, ответственных за информационное направлениеобмен лучшими практиками координационных центров по кибербезопасности в сфере образованияформирования духовно-нравственных ценностей и выработки индивидуальной траектории обучающихсясоздания позитивного и профилактического контентасохранение благоприятной межнациональной атмосферы и межнационального единства в молодежной среде, а также формирования общегражданской идентичности","<ul>
  <li>Задача Форумаобучение по мониторингу противоправного контента для сотрудников координационных центров по вопросам формирования у молодежи активной гражданской позиции, предупреждения межнациональных и межконфессиональных конфликтов, противодействия идеологии терроризма и профилактики экстремизма, ответственных за информационное направление обмен лучшими практиками координационных центров по кибербезопасности в сфере образования формирования духовно</li>
  <li>нравственных ценностей и выработки индивидуальной траектории обучающихся создания позитивного и профилактического контента сохранение благоприятной межнациональной атмосферы и межнационального единства в молодежной среде, а также формирования общегражданской идентичности</li>
</ul>"
71,"Функционал волонтеров:участие во флеш-моб """"Спасибо медикам!"""";организация и проведение праздничной программы;изготовление праздничных открыток","<p><b>Функционал волонтеров:</b></p>
<ul>
  <li>участие во флеш-моб ""Спасибо медикам!"";</li>
  <li>организация и проведение праздничной программы;</li>
  <li>изготовление праздничных открыток</li>
</ul>"
72,Обязанности: измерять температуру на входе в медицинское учреждениепомогают заполнять документы пациентамприем и обработка телефонных звонковпомощь в подготовке помещений для приема пациентов,<p>Обязанности: измерять температуру на входе в медицинское учреждение помогают заполнять документы пациентам прием и обработка телефонных звонков помощь в подготовке помещений для приема пациентов</p>
73,"Цели проекта:
Создание событийно-массового мероприятия для жителей и гостей г. Торжка.Объединение на одной площадке различных социальных групп.Возможность повышения толерантности по отношению к людям с инвалидностью.","<p><b>Цели проекта:</b></p>
<ul>
  <li>Создание событийно-массового мероприятия для жителей и гостей г.</li>
  <li>Торжка.</li>
  <li>Объединение на одной площадке различных социальных групп.</li>
  <li>Возможность повышения толерантности по отношению к людям с инвалидностью.</li>
</ul>"
74,"Задачи проекта:Формирование культуры инклюзии - налаживание коммуникации и избавление от ярлыков и стереотипов посредством вовлеченности в общение.
Обмен опытом между людьми всех категорий и возможностей здоровья посредством создания интерактивных площадок, которые доступны всем гостям, независимо от состояния здоровья.
Приглашение профессиональных мастеров с ограничениями по здоровью для проведения мастер-классов.
Привлечение внимания общественности к проведению деловых встреч, посвящённых перспективам развития доступного туризма в Торжке.","<p><b>Задачи проекта:</b></p>
<ul>
  <li>Формирование культуры инклюзии - налаживание коммуникации и избавление от ярлыков и стереотипов посредством вовлеченности в общение.</li>
  <li>Обмен опытом между людьми всех категорий и возможностей здоровья посредством создания интерактивных площадок, которые доступны всем гостям, независимо от состояния здоровья.</li>
  <li>Приглашение профессиональных мастеров с ограничениями по здоровью для проведения мастер-классов.</li>
  <li>Привлечение внимания общественности к проведению деловых встреч, посвящённых перспективам развития доступного туризма в Торжке.</li>
</ul>"
75,"Тестовое задание включает в себя 10 вопросов с несколькими вариантами ответа по различным направлениям граждановедческих дисциплин и избирательного права.Каждый вопрос тестового задания имеет только один правильный вариант ответа.В ходе проведения Викторины каждый участник заполняет бланк ответов на тестовые задания, указывая ФИО, а также выбранные варианты ответов на вопросы тестового задания.","<ul>
  <li>Тестовое задание включает в себя 10 вопросов с несколькими вариантами ответа по различным направлениям граждановедческих дисциплин и избирательного права.</li>
  <li>Каждый вопрос тестового задания имеет только один правильный вариант ответа.</li>
  <li>В ходе проведения Викторины каждый участник заполняет бланк ответов на тестовые задания, указывая ФИО, а также выбранные варианты ответов на вопросы тестового задания.</li>
</ul>"
76,"Дополнительные документы: Об образовании: диплом/студенческий билет/сертификат МС/сертификат медбрата/сертификат СПО или выписка из протокола.
Медицинские: справка о вакцинации от кори.","<p><b>Дополнительные документы:</b></p>
<ul>
  <li>Об образовании: диплом/студенческий билет/сертификат МС/сертификат медбрата/сертификат СПО или выписка из протокола.</li>
  <li>Медицинские: справка о вакцинации от кори.</li>
</ul>"
77,"Задачи маршалов на трассе:Обеспечивать безопасность спортсменов путем воспрепятствования выхода людей или выезда транспорта на проезжую часть во время проведения гонки;Сообщать представителю Организатора Gran Fondo:о возникающих препятствиях на трассе;
о спортсменах, сошедших с дистанции;
других чрезвычайных и потенциально опасных ситуациях;","<p><b>Задачи маршалов на трассе:</b></p>
<ul>
  <li>Обеспечивать безопасность спортсменов путем воспрепятствования выхода людей или выезда транспорта на проезжую часть во время проведения гонки;</li>
  <li>Сообщать представителю Организатора Gran Fondo: о возникающих препятствиях на трассе;</li>
  <li>о спортсменах, сошедших с дистанции;</li>
  <li>других чрезвычайных и потенциально опасных ситуациях;</li>
</ul>"
78,"Снаряжение:
Заряженный смартфон с мобильным интернетом и запасной PowerBank!
Головной убор, крем от солнца и очки, дождевик и обувь по погоде!Вода и перекус!","<p><b>Снаряжение:</b></p>
<ul>
  <li>Заряженный смартфон с мобильным интернетом и запасной PowerBank!</li>
  <li>Головной убор, крем от солнца и очки, дождевик и обувь по погоде!</li>
  <li>Вода и перекус!</li>
</ul>"
79,Задачи:&nbsp;сохранение и укрепление здоровья населенияформирование навыков ведения ЗОЖ,"<ul>
  <li>Задачи:;</li>
  <li>сохранение и укрепление здоровья населения формирование навыков ведения ЗОЖ</li>
</ul>"
80,"Библиотека ищет тех, кто:Хочет попробовать себя в роли фотографа мероприятий (оборудование предоставим)Хочет попробовать себя в качестве лектора, ведущего мероприятийУмеет разрабатывать сценарии мероприятий для детей","<p><b>Библиотека ищет тех, кто:</b></p>
<ul>
  <li>Хочет попробовать себя в роли фотографа мероприятий (оборудование предоставим) Хочет попробовать себя в качестве лектора, ведущего мероприятий.</li>
  <li>Умеет разрабатывать сценарии мероприятий для детей</li>
</ul>"
81,"Номинации Конкурса:«Волонтер культуры 2022»;«Волонтер культуры 2022 в сфере сохранения культурного наследия»;«Лучший волонтерский центр в сфере культуры 2022»;«Лучшее учреждение культуры, реализующеедобровольчество в сфере культуры 2022»;Критерии отбора находятся в положении.","<ul>
  <li>Номинации Конкурса:«Волонтер культуры 2022»;«Волонтер культуры 2022 в сфере сохранения культурного наследия»;«Лучший волонтерский центр в сфере культуры 2022»;«Лучшее учреждение культуры, реализующее добровольчество в сфере культуры 2022»;</li>
  <li>Критерии отбора находятся в положении.</li>
</ul>"
82,"На выбор предлагаем:Обзор новостей:исследования, открытия и т.п. (предлагаем 4-5 ссылок из которых нужно сделать обзор). Подходит для старших школьников и старше.Подготовка статей по тематике:подготовка к беременности и беременность, роды, послеродовое восстановление, грудное вскармливание,профилактика эмоционального выгорания и депрессии, культура нетоксичного общения в семье, профилактика семейного насилия, воспитание детей, адаптация к саду, школе, отдых, учеба, досуг с детьми, работа и выход на работу после декрета. (предлагаем большой перечень материала для подготовки на выбор). Рекомендовано для подготовки 16+ Важно иметь (или нарабатывать хороший словарный запас и уметь пользоваться синонимами)Подготовка перевода статей по аналогичной тематике (п2). Исключительно 18+. Возможно для 16+ после предварительной проверки в написании статей + если уровень вашего иностранного на хорошем уровне.","<p><b>На выбор предлагаем:</b></p>
<ul>
  <li>Обзор новостей: исследования, открытия и т.</li>
  <li>п.</li>
  <li>(предлагаем 4-5 ссылок из которых нужно сделать обзор).</li>
  <li>Подходит для старших школьников и старше.</li>
  <li>Подготовка статей по тематике: подготовка к беременности и беременность, роды, послеродовое восстановление, грудное вскармливание,профилактика эмоционального выгорания и депрессии, культура нетоксичного общения в семье, профилактика семейного насилия, воспитание детей, адаптация к саду, школе, отдых, учеба, досуг с детьми, работа и выход на работу после декрета.</li>
  <li>(предлагаем большой перечень материала для подготовки на выбор).</li>
  <li>Рекомендовано для подготовки 16+ Важно иметь (или нарабатывать хороший словарный запас и уметь пользоваться синонимами) Подготовка перевода статей по аналогичной тематике (п 2).</li>
  <li>Исключительно 18+.</li>
  <li>Возможно для 16+ после предварительной проверки в написании статей + если уровень вашего иностранного на хорошем уровне.</li>
</ul>"
83,"📌Основные функции волонтеров:
Анализ информации в сети и отдельных сервисов платформы
Помощь в подготовке информационных материалов 
Участие в дистанционных встречах и мероприятиях команды волонтеровАктивная помощь специалистам SMM-продвижения&nbsp; (посты/stories/контент)","<p><b>📌Основные функции волонтеров:</b></p>
<ul>
  <li>Анализ информации в сети и отдельных сервисов платформы</li>
  <li>Помощь в подготовке информационных материалов Участие в дистанционных встречах и мероприятиях команды волонтеров. Активная помощь специалистам SMM-продвижения; (посты/stories/контент)</li>
</ul>"
84,Цели и задачи:Оказание посильной помощи пожилым людям.Воспитание у подростков чувства уважения и понимания.Привлечь подростков к полезным работам.,"<p><b>Цели и задачи:</b></p>
<ul>
  <li>Оказание посильной помощи пожилым людям.</li>
  <li>Воспитание у подростков чувства уважения и понимания.</li>
  <li>Привлечь подростков к полезным работам.</li>
</ul>"
85,Обязанности: измерять температуру на входе в медицинское учреждениепомогают заполнять документы пациентамприем и обработка телефонных звонковпомощь в подготовке помещений для приема пациентов,<p>Обязанности: измерять температуру на входе в медицинское учреждение помогают заполнять документы пациентам прием и обработка телефонных звонков помощь в подготовке помещений для приема пациентов</p>
86,"Рейды проводятся с целью обеспечения единого подхода к решению проблем профилактики безнадзорности и правонарушений несовершеннолетних, защите их прав и законных интересов.Вечерние рейды проводятся с целью привлечения к работе родительской общественности для профилактики правонарушений и антиобщественных действий несовершеннолетних.","<ul>
  <li>Рейды проводятся с целью обеспечения единого подхода к решению проблем профилактики безнадзорности и правонарушений несовершеннолетних, защите их прав и законных интересов.</li>
  <li>Вечерние рейды проводятся с целью привлечения к работе родительской общественности для профилактики правонарушений и антиобщественных действий несовершеннолетних.</li>
</ul>"
87,"Очищают берега реки от мусора в районе стадиона поселка Белогорск. Особенно актуальна эта акция весной, в начале футбольного сезона. И в конце июля после главного праздника поселка Дня Металлурга, который традиционно проводится на стадионе.Ведут экологопросветительскую работу.","<ul>
  <li>Очищают берега реки от мусора в районе стадиона поселка Белогорск. Особенно актуальна эта акция весной, в начале футбольного сезона. И в конце июля после главного праздника поселка Дня Металлурга, который традиционно проводится на стадионе.</li>
  <li>Ведут эколог о просветительскую работу.</li>
</ul>"
88,"Духовно-нравственное развитие и воспитание личности обучающихся; 
формирование у обучающихся доброжелательного, уважительного отношения к окружающим; 
мировоззрения, основанного на принципах гуманности, справедливости и ответственности.
&nbsp;Оказание помощи обучающимся в выработке активной жизненной позиции, 
в развитии самостоятельности, настойчивости, решительности, 
в формировании социальной ответственности, мотивации инициативных действий, 
стремления к духовно-нравственному совершенствованию.
Содействие проявлению у обучающихся заботливого отношения, 
милосердия, искренности, толерантности, открытости, внимательного отношения к людям, 
способности к эмпатии, стремлению помогать окружающим.
Содействие развитию созидательной активности обучающихся, 
стремления к позитивному изменению современного общества, 
реализации творческого потенциала обучающихся, 
формированию у них навыков самостоятельной творческой деятельности, 
навыков и умений управления творческим процессом, готовности меняться, 
отказываться от стереотипов, приобретать практический опыт самообразования.","<ul>
  <li>Духовно-нравственное развитие и воспитание личности обучающихся; формирование у обучающихся доброжелательного, уважительного отношения к окружающим; мировоззрения, основанного на принципах гуманности, справедливости и ответственности.</li>
  <li>;</li>
  <li>Оказание помощи обучающимся в выработке активной жизненной позиции, в развитии самостоятельности, настойчивости, решительности, в формировании социальной ответственности, мотивации инициативных действий, стремления к духовно-нравственному совершенствованию.</li>
  <li>Содействие проявлению у обучающихся заботливого отношения, милосердия, искренности, толерантности, открытости, внимательного отношения к людям, способности к эмпатии, стремлению помогать окружающим.</li>
  <li>Содействие развитию созидательной активности обучающихся, стремления к позитивному изменению современного общества, реализации творческого потенциала обучающихся, формированию у них навыков самостоятельной творческой деятельности, навыков и умений управления творческим процессом, готовности меняться, отказываться от стереотипов, приобретать практический опыт самообразования.</li>
</ul>"
89,Анализ информации из данных таблицыОбзвон по спискуИнформирование добровольцев,<p>Анализ информации из данных таблицы. Обзвон по списку. Информирование добровольцев</p>
90,"Повышение спортивного мастерства шахматистов;Популяризация шахмат в Свердловской области и Российской Федерации;Выявление сильнейших шахматистов в регионах Российской Федерации;Определение кандидатов на участие в финале Кубка России по шахматам среди мальчиков и девочек до 9, 11, 13, юношей и девушек до 15 лет в 2022 году.","<ul>
  <li>Повышение спортивного мастерства шахматистов;</li>
  <li>Популяризация шахмат в Свердловской области и Российской Федерации;</li>
  <li>Выявление сильнейших шахматистов в регионах Российской Федерации;</li>
  <li>Определение кандидатов на участие в финале Кубка России по шахматам среди мальчиков и девочек до 9, 11, 13, юношей и девушек до 15 лет в 2022 году.</li>
</ul>"
91,"ol>9:00 - 13:30
13:30 - 18:00
","<ul>
  <li>ol>9:00 - 13:30</li>
  <li>13:30 - 18:00</li>
</ul>"
92,&nbsp;Точка питания спортсменов;&nbsp;Навигация участников;&nbsp;Фан-зона;&nbsp;Гардероб;&nbsp;Волонтер стартовой и финишной зон;,"<ul>
  <li>;</li>
  <li>Точка питания спортсменов;</li>
  <li>Навигация участников;</li>
  <li>Фан-зона;</li>
  <li>Гардероб;</li>
  <li>Волонтер стартовой и финишной зон;</li>
</ul>"
93,"ol>Участие в качестве статистов в практических мероприятиях по эвакуации на натурном участке. Следовать инструкциям сотрудников МЧС, пройти в автобус для эвакуации 10 марта с 14:30 до 15:30 ФГБУЗ ММЦ им. Пирогова ФМБА России (г. Мурманск, ул. Павлика Морозова, д.6)","<p>ol>Участие в качестве статистов в практических мероприятиях по эвакуации на натурном участке. Следовать инструкциям сотрудников МЧС, пройти в автобус для эвакуации 10 марта с 14:30 до 15:30 ФГБУЗ ММЦ им. Пирогова ФМБА России (г. Мурманск, ул. Павлика Морозова, д.6)</p>"
94,Помощь в работе с реквизитом.Активация участников.Помощь в проведении конкурсов .Встреча зрителей в начале мероприятия .Рассадка гостей .Уборка реквизита после мероприятия .Помощь с фотографиями&nbsp;,"<ul>
  <li>Помощь в работе с реквизитом.</li>
  <li>Активация участников.</li>
  <li>Помощь в проведении конкурсов .</li>
  <li>Встреча зрителей в начале мероприятия .</li>
  <li>Рассадка гостей .</li>
  <li>Уборка реквизита после мероприятия .</li>
  <li>Помощь с фотографиями;</li>
</ul>"
95,"Анализ информации в сети и отдельных сервисов платформыПомощь в подготовке информационных материалов&nbsp;Участие в дистанционных встречах и мероприятиях команды волонтеровМодерирование контента, поступающего от авторов в Добро. Журнал.Активная помощь специалистам SMM-продвижения Добро.Журнала (посты/stories/контент)","<ul>
  <li>Анализ информации в сети и отдельных сервисов платформы. Помощь в подготовке информационных материалов;</li>
  <li>Участие в дистанционных встречах и мероприятиях команды волонтеров. Модерирование контента, поступающего от авторов в Добро. Журнал.</li>
  <li>Активная помощь специалистам SMM-продвижения Добро.</li>
  <li>Журнала (посты/stories/контент)</li>
</ul>"
96,"Привлечение заинтересованных лиц и организаций, а также лидеров общественного мнения к поддержке инициатив проекта. Взаимодействие с партнерами проекта, участие в партнерских мероприятиях.Сопровождение деловых, научных, культурно-массовых и просветительских мероприятий.Обеспечение информационной поддержки проекта.Популяризация инициатив проекта.","<ul>
  <li>Привлечение заинтересованных лиц и организаций, а также лидеров общественного мнения к поддержке инициатив проекта. Взаимодействие с партнерами проекта, участие в партнерских мероприятиях.</li>
  <li>Сопровождение деловых, научных, культурно-массовых и просветительских мероприятий.</li>
  <li>Обеспечение информационной поддержки проекта.</li>
  <li>Популяризация инициатив проекта.</li>
</ul>"
97,"Подача заявок (до 27 февраля).
Онлайн тестирование на личностные качества и знание английского языка (до 8 марта).
Интервью по компетенциям, включающее устное собеседование на английском языке (до 23 апреля).","<ul>
  <li>Подача заявок (до 27 февраля).</li>
  <li>Онлайн тестирование на личностные качества и знание английского языка (до 8 марта).</li>
  <li>Интервью по компетенциям, включающее устное собеседование на английском языке (до 23 апреля).</li>
</ul>"
98,"Подача заявок (до 11 марта);
Онлайн тестирование на личностные качества и знание английского языка (до 16 марта);
Интервью по компетенциям, включающее устное собеседование на английском языке (до 22 апреля);
Интервью с Оргкомитетом Форума (до 20 мая). ","<ul>
  <li>Подача заявок (до 11 марта);</li>
  <li>Онлайн тестирование на личностные качества и знание английского языка (до 16 марта);</li>
  <li>Интервью по компетенциям, включающее устное собеседование на английском языке (до 22 апреля);</li>
  <li>Интервью с Оргкомитетом Форума (до 20 мая).</li>
</ul>"
99,"об образовании: диплом/студенческий билет/сертификат МС/сертификат медбрата/сертификат СПО или выписка из протокола.
медицинские: прививочный сертификат и сведения о вакцинации против гриппа.
","<p><b>об образовании:</b></p>
<ul>
  <li>диплом/студенческий билет/сертификат МС/сертификат медбрата/сертификат СПО или выписка из протокола.</li>
  <li>медицинские: прививочный сертификат и сведения о вакцинации против гриппа.</li>
</ul>"
100,"участие во флеш-моб """"Спасибо медикам!"""";организация и проведение праздничной программы;изготовление праздничных открыток","<ul>
  <li>участие во флеш-моб ""Спасибо медикам!"";</li>
  <li>организация и проведение праздничной программы;</li>
  <li>изготовление праздничных открыток</li>
</ul>"
101,сохранение и укрепление здоровья населенияформирование навыков ведения ЗОЖ,<p>сохранение и укрепление здоровья населения формирование навыков ведения ЗОЖ</p>
102,"Хочет попробовать себя в роли фотографа мероприятий (оборудование предоставим)Хочет попробовать себя в качестве лектора, ведущего мероприятийУмеет разрабатывать сценарии мероприятий для детей","<p>Хочет попробовать себя в роли фотографа мероприятий (оборудование предоставим) Хочет попробовать себя в качестве лектора, ведущего мероприятий. Умеет разрабатывать сценарии мероприятий для детей</p>"
103,"об образовании: диплом/студенческий билет/сертификат МС/сертификат медбрата/сертификат СПО или выписка из протокола.
Медицинские: справка о вакцинации от кори.","<p><b>об образовании:</b></p>
<ul>
  <li>диплом/студенческий билет/сертификат МС/сертификат медбрата/сертификат СПО или выписка из протокола.</li>
  <li>Медицинские: справка о вакцинации от кори.</li>
</ul>"
104,"Обучение проходит в рамках квеста, включающего в себя пять станций:
1. «Хороший старт»;
2. «Дерево возможностей»;
3. «Калейдоскоп профессий»;
4. «Профголоволомка»;
5. «Достойный финиш»","<p><b>Обучение проходит в рамках квеста, включающего в себя пять станций:</b></p>
<ul>
  <li>1. «Хороший старт»;</li>
  <li>2. «Дерево возможностей»;</li>
  <li>3. «Калейдоскоп профессий»;</li>
  <li>4. «Профголоволомка»;</li>
  <li>5. «Достойный финиш»</li>
</ul>"
105,"Требования:
⁃ возраст строго от 18 лет
⁃ большое желание внести вклад в организацию мероприятия","<p><b>Требования:</b></p>
<ul>
  <li>⁃ возраст строго от 18 лет</li>
  <li>⁃ большое желание внести вклад в организацию мероприятия</li>
</ul>"
106,"📜 Собираем информацию о пензенских усадьбах через архивы, краеведов и доступную литературу, делаем сведения и редкие фотографии доступными.
🚗 Выезжаем в полевые экспедиции: имеющиеся данные не всегда позволяют установить место и состояние усадеб. Выясняем всё на месте и рассказываем!
🔍 Систематизируем информацию: пока нет издания с полной и актуальной информацией об усадьбах нашего региона, но мы над этим работаем.
🚩 Привлекаем внимание к проблемам сохранения усадеб: конкурсы, круглые столы, акции и челленджи. Мы готовы на многое!
🌿Приводим усадьбы в порядок: выезжаем на расчистку усадеб, утонувших в зарослях, проводим волонтёрские лагеря.
💬 Исследуем тему усадеб: как сделать их привлекательнее? на что обратить внимание? Донесём эти данные до чиновников","<p><b>📜 Собираем информацию о пензенских усадьбах через архивы, краеведов и доступную литературу, делаем сведения и редкие фотографии доступными.
🚗 Выезжаем в полевые экспедиции:</b></p>
<ul>
  <li>имеющиеся данные не всегда позволяют установить место и состояние усадеб.</li>
  <li>Выясняем всё на месте и рассказываем!
🔍 Систематизируем информацию: пока нет издания с полной и актуальной информацией об усадьбах нашего региона, но мы над этим работаем.</li>
  <li>🚩 Привлекаем внимание к проблемам сохранения усадеб: конкурсы, круглые столы, акции и челленджи.</li>
  <li>Мы готовы на многое!
🌿Приводим усадьбы в порядок: выезжаем на расчистку усадеб, утонувших в зарослях, проводим волонтёрские лагеря.</li>
  <li>💬 Исследуем тему усадеб: как сделать их привлекательнее? на что обратить внимание? Донесём эти данные до чиновников</li>
</ul>"
107,"1. РАБОТА В ЭИОС
2. УЧУСЬ БЫТЬ ЗДОРОВЫМ (профилактический IT-проект)
3. РАБОТА С ЭЛЕКТРОННОЙ ДОКУМЕНТАЦИЕЙ УПРАВЛЕНИЯ
4. РАБОТА С ДОКУМЕНТАЦИЕЙ УНИВЕРСИТЕТА
5. ПЕРЕЗАПИСЬ ЛЕКЦИЙ","<ul>
  <li>1. РАБОТА В ЭИОС</li>
  <li>2. УЧУСЬ БЫТЬ ЗДОРОВЫМ (профилактический IT-проект)</li>
  <li>3. РАБОТА С ЭЛЕКТРОННОЙ ДОКУМЕНТАЦИЕЙ УПРАВЛЕНИЯ</li>
  <li>4. РАБОТА С ДОКУМЕНТАЦИЕЙ УНИВЕРСИТЕТА</li>
  <li>5. ПЕРЕЗАПИСЬ ЛЕКЦИЙ</li>
</ul>"
108,"- Операторское дело
- Речевая подготовка
- Монтаж
- Дизайн креативов
- Создание и подача контента
- и др.","<ul>
  <li>- Операторское дело</li>
  <li>- Речевая подготовка</li>
  <li>- Монтаж</li>
  <li>- Дизайн креативов</li>
  <li>- Создание и подача контента</li>
  <li>- и др.</li>
</ul>"
109,"1) Работа с компьютером и внесение информации о вакцинации
2) Помощь в заполнении анкет гражданам
3) Распределение поток на прививку от COVID-19 ( вторую вакцинацию делают в другом кабинете)","<ul>
  <li>1) Работа с компьютером и внесение информации о вакцинации</li>
  <li>2) Помощь в заполнении анкет гражданам</li>
  <li>3) Распределение поток на прививку от COVID-19 ( вторую вакцинацию делают в другом кабинете)</li>
</ul>"
110,"- воспитывать чувства гордости за свою страну, быть патриотом своей страны;
- дать понять, что каждый гражданин причастен к жизни своей страны.","<ul>
  <li>- воспитывать чувства гордости за свою страну, быть патриотом своей страны;</li>
  <li>- дать понять, что каждый гражданин причастен к жизни своей страны.</li>
</ul>"
111,"🙎‍♂️ + 18 лет
✅ наличие Qr-кода
🤝🏻 желание помогать
⌚️ свободное время","<ul>
  <li>🙎‍♂️ + 18 лет</li>
  <li>✅ наличие Qr-кода</li>
  <li>🤝🏻 желание помогать</li>
  <li>⌚️ свободное время</li>
</ul>"
112,"необходимо удалить сорняки;
взрыхлить почву.","<ul>
  <li>необходимо удалить сорняки;</li>
  <li>взрыхлить почву.</li>
</ul>"
113,"сухая уборка пола с помощью подручных средств, предоставляемых заказчиком (веник, пылесос)
влажная уборка всех поверхностей с помощью подручных средств, предоставляемых заказчиком (ветошь, моющие средства, швабра)
уборка в ванной комнате (мытье унитаза, раковины, ванны)
уборка кухни (мытье газовой печи, всех столов, подвесных шкафов, мойки)
подготовка к утилизации и вынос мусора""","<ul>
  <li>сухая уборка пола с помощью подручных средств, предоставляемых заказчиком (веник, пылесос)</li>
  <li>влажная уборка всех поверхностей с помощью подручных средств, предоставляемых заказчиком (ветошь, моющие средства, швабра)</li>
  <li>уборка в ванной комнате (мытье унитаза, раковины, ванны)</li>
  <li>уборка кухни (мытье газовой печи, всех столов, подвесных шкафов, мойки)</li>
  <li>подготовка к утилизации и вынос мусора""</li>
</ul>"
114,"подготовить помещение к побелке, вынести или скомпановать мебель
подготовить подручные средства для побелки
обмести стены от пыли
непосредственно побелить стены и потолок
удалить потеки и брызги от побелки
вымыть все поверности с помощью подручных средств (ветошь, моющие средства, швабра)
вернуть мебель на свои места""","<ul>
  <li>подготовить помещение к побелке, вынести или скомпановать мебель</li>
  <li>подготовить подручные средства для побелки</li>
  <li>обмести стены от пыли</li>
  <li>непосредственно побелить стены и потолок</li>
  <li>удалить потеки и брызги от побелки</li>
  <li>вымыть все поверности с помощью подручных средств (ветошь, моющие средства, швабра)</li>
  <li>вернуть мебель на свои места""</li>
</ul>"
115,"1.  """"Мармелад"""" г. Вологда, Пошехонское шоссе, д. 22 
2.  """"РИО"""" г. Вологда, Окружное шоссе, д. 12 
3.  """"Апельсин» г. Вологда, ул. Карла Маркса, д. 105 
4.  """"Форум"""" г. Вологда, ул. Ленинградская, д. 100 
5.  УССК «Вологда», г.Вологда, ул. Конева, 2 В
6.  ТЦ «ЦУМ», г. Вологда, ул. Благовещенская, д. 4
7.  ТЦ «Оазис», г. Вологда, ул. Мира, д. 82
8.  Аллея Ильюшина
9.  Парк Ветеранов
10.  Кремлевская площадь
11.  площадь Революции ","<ul>
  <li>1. ""Мармелад"" г. Вологда, Пошехонское шоссе, д. 22 2. ""РИО"" г. Вологда, Окружное шоссе, д. 12 3. ""Апельсин» г. Вологда, ул. Карла Маркса, д. 105 4. ""Форум"" г. Вологда, ул. Ленинградская, д. 100 5. УССК «Вологда», г.</li>
  <li>Вологда, ул. Конева, 2 В</li>
  <li>6. ТЦ «ЦУМ», г. Вологда, ул. Благовещенская, д. 4</li>
  <li>7. ТЦ «Оазис», г. Вологда, ул. Мира, д. 82</li>
  <li>8. Аллея Ильюшина</li>
  <li>9. Парк Ветеранов</li>
  <li>10. Кремлевская площадь</li>
  <li>11. площадь Революции</li>
</ul>"
116,"📌Основные функции волонтеров:
Анализ информации в сети и отдельных сервисов платформы
Помощь в подготовке информационных материалов 
Участие в дистанционных встречах и мероприятиях команды волонтеровАктивная помощь специалистам SMM-продвижения&nbsp; (посты/stories/контент)","<p><b>📌Основные функции волонтеров:</b></p>
<ul>
  <li>Анализ информации в сети и отдельных сервисов платформы</li>
  <li>Помощь в подготовке информационных материалов Участие в дистанционных встречах и мероприятиях команды волонтеров. Активная помощь специалистам SMM-продвижения; (посты/stories/контент)</li>
</ul>"
117,"1. Вызвать интерес у детей и подростков к истории своей страны;
2. Формирование гражданских и нравственных ориентиров, уважительного отношения к своей Родине;
3. Развитие творческих способностей, воображения;
4. Объединение детей и взрослых для совместной деятельности.","<ul>
  <li>1. Вызвать интерес у детей и подростков к истории своей страны;</li>
  <li>2. Формирование гражданских и нравственных ориентиров, уважительного отношения к своей Родине;</li>
  <li>3. Развитие творческих способностей, воображения;</li>
  <li>4. Объединение детей и взрослых для совместной деятельности.</li>
</ul>"
118,"подготовка емкости для стирки
подогрев воды
непосредственно стирка ручным способом
полоскание","<ul>
  <li>подготовка емкости для стирки</li>
  <li>подогрев воды</li>
  <li>непосредственно стирка ручным способом</li>
  <li>полоскание</li>
</ul>"
119,"‣ напольные физические шашки
‣ молекулярный кольцеброс
‣ химическая дженга
‣ балансборды
‣ настольные игры """"Хронограф"""", """"Доббль""""
- игра """"проведи ледокол""""","<ul>
  <li>‣ напольные физические шашки</li>
  <li>‣ молекулярный кольцеброс</li>
  <li>‣ химическая дженга</li>
  <li>‣ балансборды</li>
  <li>‣ настольные игры ""Хронограф"", ""Доббль""</li>
  <li>- игра ""проведи ледокол""</li>
</ul>"
120,"🤒 термометрия
📲 работа в колл-центре
📝 помощь в регистратуре","<ul>
  <li>🤒 термометрия</li>
  <li>📲 работа в колл-центре</li>
  <li>📝 помощь в регистратуре</li>
</ul>"
121,"17:00 – презентация выставки-проекта """"Вятские буки""""
17:30 – мастер-класс по каллиграфии и/или настольная игра """"Вятские буки""""
18:00 – экскурсия по выставке """"Спрятавшиеся церкви Вятки""""
19:00 – презентация книги """"Характер хватских""""","<ul>
  <li>17:00 – презентация выставки-проекта ""Вятские буки""</li>
  <li>17:30 – мастер-класс по каллиграфии и/или настольная игра ""Вятские буки""</li>
  <li>18:00 – экскурсия по выставке ""Спрятавшиеся церкви Вятки""</li>
  <li>19:00 – презентация книги ""Характер хватских""</li>
</ul>"
122,"- повышение внимания и заинтересованности населения в ведении здорового образа жизни;
- формирование у населения навыков ведения здорового образа жизни в летний период;
- сохранение и укрепление здоровья населения.","<ul>
  <li>- повышение внимания и заинтересованности населения в ведении здорового образа жизни;</li>
  <li>- формирование у населения навыков ведения здорового образа жизни в летний период;</li>
  <li>- сохранение и укрепление здоровья населения.</li>
</ul>"
123,"Задачи маршалов на трассе:Обеспечивать безопасность спортсменов путем воспрепятствования выхода людей или выезда транспорта на проезжую часть во время проведения гонки;Сообщать представителю Организатора Gran Fondo:о возникающих препятствиях на трассе;
о спортсменах, сошедших с дистанции;
других чрезвычайных и потенциально опасных ситуациях;","<p><b>Задачи маршалов на трассе:</b></p>
<ul>
  <li>Обеспечивать безопасность спортсменов путем воспрепятствования выхода людей или выезда транспорта на проезжую часть во время проведения гонки;</li>
  <li>Сообщать представителю Организатора Gran Fondo: о возникающих препятствиях на трассе;</li>
  <li>о спортсменах, сошедших с дистанции;</li>
  <li>других чрезвычайных и потенциально опасных ситуациях;</li>
</ul>"
124,"- с территории Некрополя было вывезено более 250 м³ травы и бытового мусора;
- срублено и вывезено 16 деревьев (сухостой), представляющих угрозу разрушения памятников на территории Некрополя; 
- суммарно за период проекта было проведено более 55 субботников.","<ul>
  <li>- с территории Некрополя было вывезено более 250 м³ травы и бытового мусора;</li>
  <li>- срублено и вывезено 16 деревьев (сухостой), представляющих угрозу разрушения памятников на территории Некрополя; - суммарно за период проекта было проведено более 55 субботников.</li>
</ul>"
125,"– открытку с символами России и поздравлениями с праздником, сделанную своими руками;
– фотооткрытку с поздравлениями с праздником;
– символический подарок с поздравлениями с праздником.","<ul>
  <li>– открытку с символами России и поздравлениями с праздником, сделанную своими руками;</li>
  <li>– фотооткрытку с поздравлениями с праздником;</li>
  <li>– символический подарок с поздравлениями с праздником.</li>
</ul>"
126,"Работать в зоне проведения соревнований и в зонах, предназначенных для участников;
Проверка билетов на входе;
Взаимодействовать с судьями и организаторами.","<ul>
  <li>Работать в зоне проведения соревнований и в зонах, предназначенных для участников;</li>
  <li>Проверка билетов на входе;</li>
  <li>Взаимодействовать с судьями и организаторами.</li>
</ul>"
127,"-развитие патриотизма, формирование национальной гражданской идентичности у детей;
-увеличение объема знаний об особенностях культуры родной страны; знакомство с достопримечательностями Ханты-Мансийского автономного округа;
-развитие творческих способностей детей, способности к сравнению и сопоставлению полученных знаний, способности логически излагать.","<ul>
  <li>-развитие патриотизма, формирование национальной гражданской идентичности у детей;</li>
  <li>-увеличение объема знаний об особенностях культуры родной страны; знакомство с достопримечательностями Ханты-Мансийского автономного округа;</li>
  <li>-развитие творческих способностей детей, способности к сравнению и сопоставлению полученных знаний, способности логически излагать.</li>
</ul>"
128,"- информирование населения о факторах риска, подстерегающих детей в летнее время (водоемы, открытые окна в многоэтажных строениях, пожары, солнечная активность, автомобильные дороги, активные виды спорта, опасные насекомые, пищевые отравления и др.), проведением социологических опросов, массовых акций, распространением тематических буклетов, памяток, листовок;
- разъяснительную просветительскую работу с несовершеннолетними через организованные формы, такие как проведение конкурсов плакатов, предупреждающих знаков, с последующим их распространением на территории соответствующего населенного пункта, сочинение речевок, стихов, организацию развлекательных мероприятий, в том числе в детских оздоровительных лагерях, посвященных безопасному поведению;
- привлечение родительского общественного контроля к патрулированию несанкционированных пляжей, водоемов, дискотек и иных общественных мест, в особенности в вечернее время, в целях формирования активной жизненной позиции родителей и вовлечение их в воспитательный процесс.","<ul>
  <li>- информирование населения о факторах риска, подстерегающих детей в летнее время (водоемы, открытые окна в многоэтажных строениях, пожары, солнечная активность, автомобильные дороги, активные виды спорта, опасные насекомые, пищевые отравления и др.), проведением социологических опросов, массовых акций, распространением тематических буклетов, памяток, листовок;</li>
  <li>- разъяснительную просветительскую работу с несовершеннолетними через организованные формы, такие как проведение конкурсов плакатов, предупреждающих знаков, с последующим их распространением на территории соответствующего населенного пункта, сочинение речевок, стихов, организацию развлекательных мероприятий, в том числе в детских оздоровительных лагерях, посвященных безопасному поведению;</li>
  <li>- привлечение родительского общественного контроля к патрулированию несанкционированных пляжей, водоемов, дискотек и иных общественных мест, в особенности в вечернее время, в целях формирования активной жизненной позиции родителей и вовлечение их в воспитательный процесс.</li>
</ul>"
129,"ol>Участие в качестве статистов в практических мероприятиях по эвакуации на натурном участке. Следовать инструкциям сотрудников МЧС, пройти в автобус для эвакуации 12 марта с 14:30 до 15:30 ФГБУЗ ММЦ им. Пирогова ФМБА России (г. Мурманск, ул. Павлика Морозова, д.6)","<p>ol>Участие в качестве статистов в практических мероприятиях по эвакуации на натурном участке. Следовать инструкциям сотрудников МЧС, пройти в автобус для эвакуации 12 марта с 14:30 до 15:30 ФГБУЗ ММЦ им. Пирогова ФМБА России (г. Мурманск, ул. Павлика Морозова, д.6)</p>"
130,"1. Регулярно - подготовка группы&nbsp; , 2 раза в неделю
2. Периодически - подключение к работе уже набранных групп, в качестве  заменяющего преподавателя  (2- 3 раза в месяц)
3. Периодически - проведение мастер-классов или факультативов по выбранным темам ","<ul>
  <li>1. Регулярно - подготовка группы; , 2 раза в неделю</li>
  <li>2. Периодически - подключение к работе уже набранных групп, в качестве заменяющего преподавателя (2- 3 раза в месяц)</li>
  <li>3. Периодически - проведение мастер-классов или факультативов по выбранным темам</li>
</ul>"
131,"1. Регулярно - подготовка группы&nbsp; , 2 раза в неделю
2. Периодически - подключение к работе уже набранных групп, в качестве  заменяющего преподавателя  (2- 3 раза в месяц)
3. Периодически - проведение мастер-классов или факультативов по выбранным темам ","<ul>
  <li>1. Регулярно - подготовка группы; , 2 раза в неделю</li>
  <li>2. Периодически - подключение к работе уже набранных групп, в качестве заменяющего преподавателя (2- 3 раза в месяц)</li>
  <li>3. Периодически - проведение мастер-классов или факультативов по выбранным темам</li>
</ul>"
132,"- Формирование социально-адаптированной личности детей в процессе трудовой деятельности.
- Создание условий для развития каждого ребёнка путём вовлечения в различные виды труда сообразно со способностями, интересами и возможностями.","<ul>
  <li>- Формирование социально-адаптированной личности детей в процессе трудовой деятельности.</li>
  <li>- Создание условий для развития каждого ребёнка путём вовлечения в различные виды труда сообразно со способностями, интересами и возможностями.</li>
</ul>"
133,"- Привить учащимся любовь к природе, навыки поведения в природе и заботиться об ее охране.
- Прививать, развивать и закреплять практические умения и навыки по выращиванию и уходу за растениями.
- Воспитывать любовь к труду и уважение к людям труда, эстетические чувства и бережное отношение к природе, ответственности за посаженные растения.
- Способствовать формированию потребности принять личное участие в охране окружающей среды.","<ul>
  <li>- Привить учащимся любовь к природе, навыки поведения в природе и заботиться об ее охране.</li>
  <li>- Прививать, развивать и закреплять практические умения и навыки по выращиванию и уходу за растениями.</li>
  <li>- Воспитывать любовь к труду и уважение к людям труда, эстетические чувства и бережное отношение к природе, ответственности за посаженные растения.</li>
  <li>- Способствовать формированию потребности принять личное участие в охране окружающей среды.</li>
</ul>"
134,"- одиноким пенсионерам
- маломобильным гражданам
- участникам ВОВ","<ul>
  <li>- одиноким пенсионерам</li>
  <li>- маломобильным гражданам</li>
  <li>- участникам ВОВ</li>
</ul>"
135,"- закрепить культурологические знания;
- сформировать знания по символике государства;
- развить творческие способности.","<ul>
  <li>- закрепить культурологические знания;</li>
  <li>- сформировать знания по символике государства;</li>
  <li>- развить творческие способности.</li>
</ul>"
136,"10.40-информационный блок
10.50-построение участников соревнований
показательные выступления каратэ
11.00- Церемония открытия
11.15 –Старт забегов с личным зачетом среди мужчин (старт парный)
Старт забегов с личным зачетом среди женщин (старт парный)
11.45 Старт забегов с командным зачетом –подростковые клуб (участники 14-17 лет)
12.15- Старт забегов с командным зачетом –любительские команды 
13.00- 14.00 Церемония награждения призеров и победителей","<ul>
  <li>10.40-информационный блок</li>
  <li>10.50-построение участников соревнований</li>
  <li>показательные выступления каратэ</li>
  <li>11.00- Церемония открытия</li>
  <li>11.15 –Старт забегов с личным зачетом среди мужчин (старт парный)</li>
  <li>Старт забегов с личным зачетом среди женщин (старт парный)</li>
  <li>11.45 Старт забегов с командным зачетом –подростковые клуб (участники 14-17 лет)</li>
  <li>12.15- Старт забегов с командным зачетом –любительские команды 13.00- 14.00 Церемония награждения призеров и победителей</li>
</ul>"
137," - привлечение внимание подрастающего поколения к вопросам культурного наследия России, к теме «Великая Отечественная война 1941-1945гг.»
 - воспитание уважительного отношения к героическому прошлому своей страны;
 - развитие творческих способностей у детей и повышение интереса к военной истории;
 - выявление детской одаренности.","<ul>
  <li>привлечение внимание подрастающего поколения к вопросам культурного наследия России, к теме «Великая Отечественная война 1941</li>
  <li>1945 гг.»</li>
  <li>воспитание уважительного отношения к героическому прошлому своей страны;</li>
  <li>развитие творческих способностей у детей и повышение интереса к военной истории;</li>
  <li>выявление детской одаренности.</li>
</ul>"
138,"1. Укреплять национальную историческую память и историческую преемственность;
2. Актуализировать в сознании обучающихся подвиг нашего народа в Великой Отечественной войне;
3. Восстановить осознание себя нынешними поколениями как потомков народа, совершившего исторический подвиг;
4. Стимулировать социальный оптимизм российского общества на примере преодоления драматических трудностей в прошлом;
5. Формировать активную гражданскую позицию, уважительное отношение к Родине, её истории и культуре.","<ul>
  <li>1. Укреплять национальную историческую память и историческую преемственность;</li>
  <li>2. Актуализировать в сознании обучающихся подвиг нашего народа в Великой Отечественной войне;</li>
  <li>3. Восстановить осознание себя нынешними поколениями как потомков народа, совершившего исторический подвиг;</li>
  <li>4. Стимулировать социальный оптимизм российского общества на примере преодоления драматических трудностей в прошлом;</li>
  <li>5. Формировать активную гражданскую позицию, уважительное отношение к Родине, её истории и культуре.</li>
</ul>"
139,"1) Компенсацию оплаты проезда;
2) Трехразовое питание (в день!);
3) Рабочий инструмент;
4) Палатки, спальники, изоляционные коврики;
5) Репелленты от гнуса;
6) При необходимости оплачиваем страховку;
7) Археологический вечерний костер, песни под гитару и получение новых знаний и навыков","<ul>
  <li>1) Компенсацию оплаты проезда;</li>
  <li>2) Трехразовое питание (в день!);</li>
  <li>3) Рабочий инструмент;</li>
  <li>4) Палатки, спальники, изоляционные коврики;</li>
  <li>5) Репелленты от гнуса;</li>
  <li>6) При необходимости оплачиваем страховку;</li>
  <li>7) Археологический вечерний костер, песни под гитару и получение новых знаний и навыков</li>
</ul>"
140,"- рекомендована прививка от клещевого энцефалита;
-возраст от 14 лет;
- желателен опыт работы в археологических экспедициях (полевых условиях);
-отсутствие специфических заболеваний и медицинских противопоказаний (справка!);
- адекватность;
- трудолюбие;
- инициативность;
- коммуникабельность;
- неконфликтность.","<ul>
  <li>- рекомендована прививка от клещевого энцефалита;</li>
  <li>-возраст от 14 лет;</li>
  <li>- желателен опыт работы в археологических экспедициях (полевых условиях);</li>
  <li>-отсутствие специфических заболеваний и медицинских противопоказаний (справка!);</li>
  <li>- адекватность;</li>
  <li>- трудолюбие;</li>
  <li>- инициативность;</li>
  <li>- коммуникабельность;</li>
  <li>- неконфликтность.</li>
</ul>"
141,"Помогает медицинскому персоналу в выполнение лечебных и диагностических
назначений в поликлинике.
Сопровождает больных на диагностические и лечебные процедуры.
Оказывает помощь медицинскому персоналу в ведении медицинской документации.","<ul>
  <li>Помогает медицинскому персоналу в выполнение лечебных и диагностических</li>
  <li>назначений в поликлинике.</li>
  <li>Сопровождает больных на диагностические и лечебные процедуры.</li>
  <li>Оказывает помощь медицинскому персоналу в ведении медицинской документации.</li>
</ul>"
142,"• Возраст: 15+
• Умение и желание общаться с детьми
• Быть подписанными на соцсети АНО """"Важные события"""":
• • https://t.me/anovsru
• • https://vk.com/anovs","<p><b>• Возраст:</b></p>
<ul>
  <li>15+</li>
  <li>• Умение и желание общаться с детьми</li>
  <li>• Быть подписанными на соцсети АНО ""Важные события"": • • https:/t.me/anovsru</li>
  <li>• • https:/vk.com/anovs</li>
</ul>"
143,"🔹10:00–11:00 – Регистрация участников. Выставки от партнёров фестиваля.
🔹11:00 – Торжественное открытие «ГенЭкспо. Лето». Вводные лекции от организаторов.
🔹 12:00 – Выступления экспертов (Игорь Ивлев, Ольга Межуева, Галина Лысенко и многие другие). Ведущий конференции Виталий Семёнов.
🔹 14:00–15:00 – Обеденный перерыв (не входит в стоимость билета).
🔹 15:00–17:00 – Продолжение выступлений.","<ul>
  <li>🔹10:00–11:00 – Регистрация участников. Выставки от партнёров фестиваля.</li>
  <li>🔹11:00 – Торжественное открытие «Ген. Экспо. Лето». Вводные лекции от организаторов.</li>
  <li>🔹 12:00 – Выступления экспертов (Игорь Ивлев, Ольга Межуева, Галина Лысенко и многие другие). Ведущий конференции Виталий Семёнов.</li>
  <li>🔹 14:00–15:00 – Обеденный перерыв (не входит в стоимость билета).</li>
  <li>🔹 15:00–17:00 – Продолжение выступлений.</li>
</ul>"
144,"✔️посещение фестиваля реконструкции «Легенды поколений» – от Средневековья до современности;
✔️панельные дискуссии архивистов, историков, реконструкторов, генеалогов;
✔️выступление архивиста Екатерины Дворниковой;
✔️индивидуальные консультации специалистов по семейной истории;
✔️прием заявок на поиск ваших родственников-ветеранов;
✔️сувенирная лавка «ГенЭкспо. Лето»;
✔️атрибуция фотографий ваших предков: военных и казаков;
✔️вечерний чай у костра.","<p><b>✔️посещение фестиваля реконструкции «Легенды поколений» – от Средневековья до современности;
✔️панельные дискуссии архивистов, историков, реконструкторов, генеалогов;
✔️выступление архивиста Екатерины Дворниковой;
✔️индивидуальные консультации специалистов по семейной истории;
✔️прием заявок на поиск ваших родственников-ветеранов;
✔️сувенирная лавка «Ген. Экспо. Лето»;
✔️атрибуция фотографий ваших предков:</b></p>
<ul>
  <li>военных и казаков;</li>
  <li>✔️вечерний чай у костра.</li>
</ul>"
145,"- работа с историческими документами в архиве Севастополя
- сопровождение школьников на квестах
- проведения исторических игр и лекций","<ul>
  <li>- работа с историческими документами в архиве Севастополя</li>
  <li>- сопровождение школьников на квестах</li>
  <li>- проведения исторических игр и лекций</li>
</ul>"
146,"1. Возможность посмотреть концерт2. Отличная компания, заряд хорошего настроения и невероятная атмосфера ❤️","<p>1. Возможность посмотреть концерт 2. Отличная компания, заряд хорошего настроения и невероятная атмосфера ❤️</p>"
147,"организовать проведение культурно-досуговых мероприятий;
обеспечить профилактику безнадзорности детей;
совершенствовать творческие навыки ребят;
развить у детей чувства товарищества и взаимопомощи;
воспитание нравственно-патриотических чувств у детей.","<ul>
  <li>организовать проведение культурно-досуговых мероприятий;</li>
  <li>обеспечить профилактику безнадзорности детей;</li>
  <li>совершенствовать творческие навыки ребят;</li>
  <li>развить у детей чувства товарищества и взаимопомощи;</li>
  <li>воспитание нравственно-патриотических чувств у детей.</li>
</ul>"
148,"Даты проведения мероприятия:21 мая - Главный храм вооруженных сил - трансфер от м. Парк Победы и обратно28 мая - ВДНХ1 июня - Комсомольская площадь4 июня - Главный храм вооруженных сил - трансфер от м. Парк Победы и обратно30 июля - Главный храм вооруженных сил - трансфер от м. Парк Победы и обратно20 августа - Главный храм вооруженных сил - трансфер от м. Парк Победы и обратно





""","<p><b>Даты проведения мероприятия:</b></p>
<ul>
  <li>21 мая-</li>
  <li>Главный храм вооруженных сил-</li>
  <li>трансфер от м. Парк Победы и обратно 28 мая-</li>
  <li>ВДНХ 1 июня-</li>
  <li>Комсомольская площадь 4 июня-</li>
  <li>Главный храм вооруженных сил-</li>
  <li>трансфер от м. Парк Победы и обратно 30 июля-</li>
  <li>Главный храм вооруженных сил-</li>
  <li>трансфер от м. Парк Победы и обратно 20 августа-</li>
  <li>Главный храм вооруженных сил-</li>
  <li>трансфер от м. Парк Победы и обратно</li>
</ul>"
149,"·активизировать творческое воображение;
·развить интеллектуальные способности и познавательную активность;
·реализовать двигательную активность ребят;
·развить коммуникативные способности;
·воспитать чувство уважения друг к другу.","<ul>
  <li>·активизировать творческое воображение;</li>
  <li>·развить интеллектуальные способности и познавательную активность;</li>
  <li>·реализовать двигательную активность ребят;</li>
  <li>·развить коммуникативные способности;</li>
  <li>·воспитать чувство уважения друг к другу.</li>
</ul>"
